,EPDL97 Energy [keV],S08 EPDL97 EA [cm^2],S09 EPDL97 EA [cm^2],S10 EPDL97 EA [cm^2],S08+S09+S10 EA [cm^2]
0,1.0,2.298363570070556,2.09285756540532,1.8160300257396287,6.207251161215504
1,1.03808,2.2979884029118818,2.092540846010761,1.8157961942984353,6.206325443221079
2,1.0761500000000002,2.2979061081803014,2.092483660564521,1.815769579337649,6.206159348082471
3,1.11423,2.2981142654425333,2.0926772113056407,1.8159482797886424,6.206739756536816
4,1.1522999999999999,2.297637440086025,2.0922769131819616,1.8156479109454833,6.205562264213469
5,1.1903800000000002,2.296511938610002,2.0913047605958837,1.814891285631703,6.202707984837588
6,1.22846,2.2955897535296472,2.090512962109485,1.8142810426022469,6.200383758241379
7,1.26653,2.2948757257115253,2.0899059166032465,1.8138171818571152,6.198598824171888
8,1.3046099999999998,2.2943698551556353,2.0894792251966874,1.8135016044649352,6.197350684817258
9,1.3426900000000002,2.2940745622952594,2.089237286770288,1.81333240935708,6.196644258422627
10,1.38076,2.2935372261067064,2.088784202080849,1.8129959202099968,6.195317348397553
11,1.4188399999999999,2.2917993550103954,2.0872819843969324,1.8118191587295194,6.190900498136847
12,1.4569100000000001,2.2901921873113,2.085894137605495,1.810733648543166,6.1868199734599605
13,1.49499,2.2887181434427024,2.084622861146778,1.8097431917881919,6.183084196377672
14,1.53307,2.2873820642711653,2.0834725539012604,1.808851590601853,6.179706208774279
15,1.5711400000000002,2.286186370229971,2.0824454153091825,1.8080588449841484,6.176690630523302
16,1.60922,2.2851359021856825,2.0815458442510244,1.8073687570723336,6.17405050350904
17,1.64729,2.28324554379262,2.0799138595929483,1.8060912389545938,6.169250642340161
18,1.6853699999999998,2.2812390046020328,2.078178501243592,1.8047338759544953,6.16415138180012
19,1.7234500000000001,2.278339325530472,2.075664541049277,1.8027529624445475,6.156756829024296
20,1.76152,2.2754832142579833,2.0731857718988027,1.8008005649640138,6.1494695511208
21,1.7995999999999999,2.2724092639901357,2.0705178508876885,1.798696081993273,6.141623196871097
22,1.83768,2.2674207509964073,2.0661761558539378,1.7952532467087092,6.128850153559054
23,1.87575,2.2622966937389,2.0617156910472274,1.7917153579927663,6.115727742778894
24,1.91383,2.2554178223521095,2.05572221639324,1.7869474778747731,6.098087516620123
25,1.9519000000000002,2.2452326391024213,2.0468298795029396,1.7798602940311217,6.071922812636482
26,1.98998,2.226370202537587,2.030347274344415,1.7666839873733027,6.023401464255305
27,2.02806,2.1201373858006987,1.9372603650670963,1.6919111561129745,5.749308906980769
28,2.0661300000000002,1.9561965987598486,1.7931178494987674,1.5753870556535383,5.324701503912154
29,2.10421,1.9767654407883306,1.8112258409946482,1.5900595033212697,5.378050785104248
30,2.1422800000000004,1.9665802575386422,1.8022587231361877,1.5827993222325076,5.351638302907338
31,2.1803600000000003,1.9897292814454912,1.8226497336011838,1.5993424214297864,5.411721436476461
32,2.21844,2.002632611270607,1.834027437962679,1.6085911203030065,5.445251169536292
33,2.25651,2.0110726621241395,1.8414791414957832,1.614657430293643,5.467209233913565
34,2.2945900000000004,2.0168115094352164,1.846553250129452,1.6188036609704144,5.482168420535083
35,2.3326700000000002,2.02227200691889,1.8513832208964816,1.6227502794412891,5.496405507256661
36,2.3707399999999996,2.0274226889424964,1.8559404610737518,1.6264782750199909,5.509841425036239
37,2.40882,2.0320529778105225,1.8600402176811028,1.6298393643535682,5.521932559845194
38,2.44689,2.036700209711521,1.864157569810374,1.6332137611675384,5.534071540689434
39,2.4849699999999997,2.035625537334415,1.8632448021107761,1.6325255743243514,5.531395913769543
40,2.52305,2.0222550638859174,1.8515195861913611,1.623092471794255,5.496867121871533
41,2.56112,2.0122320496661077,1.8427284235521004,1.616016694362369,5.4709771675805765
42,2.5991999999999997,2.0256630339466497,1.8545702098042347,1.6256399037552243,5.505873147506109
43,2.63727,2.034025630935165,1.8619559301301387,1.6316605880987984,5.527642149164103
44,2.67535,2.0408730366892924,1.8680065902303657,1.636601465461902,5.545481092381561
45,2.71343,2.0446561739086997,1.8713695343573185,1.6393713224522992,5.555397030718318
46,2.7515,2.048565173658758,1.874838051615791,1.6422267275309377,5.5656299528054864
47,2.78958,2.051871485521656,1.8777809026569046,1.6446562932369964,5.574308681415557
48,2.82766,2.053270495958519,1.879047780235142,1.6457361002174669,5.578054376411128
49,2.86573,2.052880806200154,1.8787420580417826,1.6455440922860805,5.577166956528017
50,2.90381,2.046815200396038,1.8734458059438739,1.6413199177955777,5.561580924135489
51,2.9418800000000003,2.0472242536206573,1.8738395057468331,1.6416906261779578,5.562754385545448
52,2.97996,2.0514309666643737,1.877574155274345,1.6447608520115138,5.573765973950232
53,3.01804,2.0533431089569723,1.8792919181017813,1.6462056641684812,5.578840691227235
54,3.0561100000000003,2.055352068580841,1.8810932596583376,1.6477208158646697,5.584166144103849
55,3.09419,2.0561919589296154,1.8818718615032957,1.6484071016392292,5.58647092207214
56,3.13226,2.0552818760156697,1.8811108551802576,1.647853890668601,5.584246621864528
57,3.17034,2.0540498754752488,1.8800683205064999,1.6470687493254068,5.581186945307156
58,3.2084200000000003,2.0540619776416578,1.8801145087515396,1.647165703825414,5.581342190218612
59,3.2464899999999997,2.0561266072310076,1.8819708363140955,1.6487226790314091,5.586820122576512
60,3.28457,2.0573537669048654,1.8830903513962534,1.6496884218942243,5.590132540195343
61,3.32265,2.058658380443739,1.8842758496856107,1.650707394678612,5.593641624807962
62,3.3607199999999997,2.0600356069810664,1.885527331182168,1.6517814984531998,5.597344436616434
63,3.3988,2.061226460155697,1.8866160541009653,1.6527225274238564,5.600565041680519
64,3.43687,2.062049407471499,1.8873814593044838,1.6534069121297883,5.602837778905771
65,3.4749499999999998,2.062954649518881,1.8882194460359223,1.654148328894548,5.605322424449351
66,3.51303,2.0639373454312797,1.88912781485504,1.6549467777181353,5.608011938004455
67,3.5511,2.0650023360752585,1.8901065657618379,1.655804159669178,5.610913061506275
68,3.58918,2.065861589890287,1.8909049625689562,1.6565151593358962,5.613281711795139
69,3.62725,2.0666796963395253,1.8916681683322347,1.6571995440418283,5.615547408713589
70,3.66533,2.0675800975203433,1.8925061550636728,1.6579428618752154,5.618029114459231
71,3.70341,2.068562793432742,1.8934145238827909,1.6587470139046856,5.620724331220218
72,3.74148,2.0696253636434396,1.8943932747895889,1.659606296924356,5.623624935357384
73,3.77956,2.069702817508456,1.8945076456820684,1.6597697888263283,5.623980252016853
74,3.81764,2.069453512880434,1.8943360893433487,1.6597013503557352,5.623490952579518
75,3.85571,2.069259878217892,1.8942129206899092,1.6596747353949488,5.62314753430275
76,3.89379,2.0691194930875496,1.8941381397217494,1.6596861418067146,5.622943774616013
77,3.93186,2.0690347779226874,1.8941117464388695,1.6597374706596595,5.622883995021216
78,3.9699400000000002,2.0690057327233062,1.8941337408412693,1.6598306230224114,5.622970096586987
79,4.00802,2.0690323574894056,1.8942063223691892,1.659961796757715,5.62320047661631
80,4.04609,2.0689863692570523,1.8942151201301491,1.6600435427087012,5.623245032095903
81,4.08417,2.068872608892809,1.8941645330046293,1.6600777619439977,5.623114903841436
82,4.12224,2.068814518494046,1.8941623335643893,1.6601538046891013,5.623130656747537
83,4.16032,2.068809677627483,1.894210721249669,1.6602697698753843,5.623290168752536
84,4.1983999999999995,2.0688629271596817,1.894307496620229,1.6604256575028467,5.6235960812827575
85,4.236470000000001,2.0689718466573614,1.8944548591163086,1.660621467571488,5.624048173345158
86,4.2745500000000005,2.069136436120522,1.894650609297668,1.6608572000813093,5.6246442454995
87,4.31262,2.0693542751158813,1.8948947471643078,1.6611347561009373,5.625383778381126
88,4.3507,2.069037198355969,1.8946682048195882,1.6610301973264199,5.624735600501977
89,4.38878,2.0682820231720567,1.8940567604328695,1.6606195665028607,5.622958350107787
90,4.42685,2.067563154487371,1.8934805070899907,1.6602355506400877,5.621279212217449
91,4.464930000000001,2.066885433168476,1.8929372453507118,1.659878149738101,5.6197008282572884
92,4.503010000000001,2.066244018348806,1.892429174655273,1.6595492648655281,5.618222457869607
93,4.54108,2.065638910028364,1.891954095563434,1.659248896022369,5.616841901614167
94,4.57916,2.0650749490737117,1.891512008075195,1.6589770432086237,5.61556400035753
95,4.617229999999999,2.064547294618286,1.8911029121905558,1.658731805355665,5.614382012164507
96,4.65531,2.064058367095368,1.8907290073497567,1.6585131824634922,5.613300556908617
97,4.69339,2.0636057460716772,1.8903880941125573,1.6583230756007332,5.612316915784968
98,4.73146,2.0631918519804944,1.8900801724789582,1.658161484767388,5.61143350922684
99,4.76954,2.0626835609913226,1.8896908715564789,1.6579333565320775,5.610307789079879
100,4.80762,2.0621897926018415,1.8893147672754398,1.65771853577716,5.609223095654441
101,4.845689999999999,2.0617371715781507,1.8889738540382406,1.6575303299830286,5.60824135559942
102,4.88377,2.061323277486968,1.8886681318448812,1.6573725412869387,5.607363950618788
103,4.92184,2.060640715301509,1.8881292689860822,1.65702464572809,5.605794630015682
104,4.95992,2.0595394181583035,1.887218700726724,1.6563801834633374,5.6031383023483645
105,4.998,2.0584623253479157,1.8863323263100062,1.655756632953488,5.60055128461141
106,5.03607,2.0574118573036277,1.885470145735928,1.6551501920612874,5.598032195100843
107,5.0741499999999995,2.0563880140254387,1.8846299595642497,1.6545627618553624,5.595580735445051
108,5.112220000000001,2.0553883750800677,1.8838117677949717,1.653994342335713,5.593194485210752
109,5.1503000000000005,2.054412940467514,1.8830155704280933,1.65344493350234,5.590873444397947
110,5.18838,2.0534641306210606,1.8822435669038549,1.6529145353552426,5.588622232880158
111,5.22645,2.0525419455407063,1.8814957572222566,1.6524031478944212,5.586440850657384
112,5.26453,2.051646385226451,1.8807677425028182,1.6519107711198757,5.584324898849145
113,5.3026,2.0506975753799974,1.87999793841882,1.6513841751100335,5.582079688908851
114,5.34068,2.0497608676999524,1.8792369320957814,1.650865183374702,5.579862983170435
115,5.378760000000001,2.048850784786007,1.878500119615383,1.650365202325646,5.577716106727036
116,5.41683,2.047964906204879,1.8777875009776246,1.6498861330314936,5.575638540213998
117,5.45491,2.0471080728231326,1.877096876742266,1.649426074423617,5.573631023989016
118,5.49299,2.0462778642074855,1.8764304463495476,1.6489850265020165,5.57169333705905
119,5.53106,2.045198350963816,1.8755462713730695,1.6483709813353051,5.5691156036721905
120,5.56914,2.043736409261627,1.8743277814801123,1.6474850833548487,5.565549274096588
121,5.60721,2.042288990159128,1.8731202887883547,1.6466105917861578,5.562019870733641
122,5.64529,2.040860934522884,1.8719303916185173,1.64574940769786,5.558540733839261
123,5.68337,2.039444981053048,1.8707536910901197,1.6448996300213277,5.555098302164495
124,5.721439999999999,2.0380483910494673,1.8695901872031622,1.644061258756561,5.55169983700919
125,5.75952,2.0366663236455764,1.8684420793978849,1.6432361949721874,5.548344598015649
126,5.7976,2.0352987788413763,1.8673093676742873,1.6424225375995793,5.545030684115243
127,5.83567,2.0339481770701484,1.8661898525921297,1.6416221877073645,5.541760217369642
128,5.87375,2.032614518331893,1.865085733591652,1.640833244226915,5.53853349615046
129,5.91182,2.031278439160356,1.8639794151509343,1.640042399677838,5.535300253989128
130,5.9498999999999995,2.0299084739228745,1.862842304546857,1.63922874230523,5.531979520774962
131,5.987979999999999,2.028555451718365,1.8617205900244593,1.638428392413015,5.52870443415584
132,6.026050000000001,2.027216952113546,1.8606142715837417,1.637641350001193,5.52547257369848
133,6.0641300000000005,2.0258978159749814,1.859523349224704,1.636865714001137,5.522286879200823
134,6.1022,2.0245932024361073,1.8584478229473465,1.636101484412846,5.5191425097963
135,6.14028,2.0233055319302053,1.8573876927516686,1.635352463373576,5.51604568805545
136,6.17836,2.0220372248905583,1.856340759197431,1.6346148487460717,5.512992832834061
137,6.21643,2.020783440450601,1.8553114211651132,1.6338905415989602,5.5099854032146744
138,6.25451,2.0195490194768984,1.8542952797742354,1.6331776408636143,5.507021940114748
139,6.292590000000001,2.018331541536168,1.8532967339052775,1.6324799486772892,5.504108224118735
140,6.33066,2.0171310066284103,1.8523113846777597,1.6317936629027296,5.501236054208899
141,6.36874,2.0159474147536245,1.8513436309721616,1.6311206846085633,5.498411730334349
142,6.40681,2.0146815281472588,1.850303295738644,1.630390674255569,5.495375498141472
143,6.44489,2.0128758849190582,1.8487900808535274,1.6292785491084296,5.490944514881015
144,6.48297,2.011079923423985,1.8472834642891305,1.6281740282358004,5.486537415948916
145,6.52104,2.009291223228757,1.8457834460454539,1.627075210569054,5.482149879843265
146,6.55912,2.007512204766656,1.844294425002977,1.6259839971768177,5.477790626946451
147,6.597189999999999,2.0057404476044,1.8428120022812202,1.6248984869904646,5.473450936876085
148,6.63527,2.0039783721752715,1.8413361778801833,1.6238205810786215,5.469135131134076
149,6.67335,2.00222597847927,1.8398691512401064,1.6227502794412891,5.464845409160666
150,6.71142,2.000446960017169,1.8383801301976297,1.6216609671176805,5.460488057332479
151,6.7495,1.9986703619883497,1.836893308595393,1.6205754569313273,5.45613912751507
152,6.78758,1.9969034456926575,1.835415284754116,1.6194956499508566,5.45181438039763
153,6.8256499999999996,1.995143790696811,1.8339460586737992,1.6184234472448968,5.447513296615507
154,6.863729999999999,1.993393817434091,1.8324834309142024,1.617358848813447,5.443236097161741
155,6.901800000000001,1.9916559463377803,1.8310296009155655,1.6163018546565076,5.438987401909853
156,6.9398800000000005,1.9899253365413145,1.8295867681181286,1.6152505637054508,5.434762668364894
157,6.97796,1.988204408477976,1.8281505336414117,1.614208778097532,5.430563720216919
158,7.01603,1.9864931621477646,1.8267230969256547,1.613172695695496,5.426388954768916
159,7.05411,1.9847915975506805,1.8253044579708582,1.6121442175679703,5.422240273089509
160,7.09218,1.983099714686723,1.823892417336781,1.611123343714955,5.4181154757384595
161,7.13026,1.981417513555893,1.8224913739039041,1.6101100741364502,5.4140189615962475
162,7.16834,1.97974499415819,1.821099128231987,1.6091044088324555,5.409948531222632
163,7.20641,1.9780821564936137,1.8197156803210301,1.6081063478029713,5.405904184617615
164,7.24449,1.9764290005621645,1.8183410301710332,1.6071158910479977,5.401885921781195
165,7.28257,1.9747855263638427,1.8169751777819958,1.606133038567534,5.397893742713372
166,7.32064,1.97315415433193,1.815620322594159,1.605157790361581,5.39393226728767
167,7.35872,1.9710314343438176,1.8138343771192826,1.6038365476654068,5.388702359128507
168,7.39679,1.9689062939224233,1.8120440327639267,1.6025134039006048,5.383463730586954
169,7.43487,1.9667835739343111,1.8102580872890504,1.6011921612044304,5.3782338224277915
170,7.47295,1.964665694812762,1.8084765406946544,1.5998747206455115,5.373016956152927
171,7.51102,1.9625502361244953,1.8066971935404983,1.5985629832924748,5.367810412957468
172,7.5491,1.9604420387360735,1.804924444707062,1.5972531470080662,5.362619630451202
173,7.58717,1.9583362617809337,1.8031538953138657,1.595945211792285,5.357435368887085
174,7.62525,1.956235325692357,1.8013877448011497,1.5946429797823864,5.352266050275893
175,7.66333,1.9541247078706536,1.7996149959677135,1.5933350445666055,5.347074748404973
176,7.7014,1.951992306149414,1.7978224521721173,1.5920119008018034,5.341826659123335
177,7.7394799999999995,1.9498623248614564,1.7960321078167611,1.590692559174257,5.336586991852474
178,7.77755,1.947739604873344,1.794246162341885,1.5893770196839654,5.331362786899194
179,7.8156300000000005,1.9456193053185136,1.792466815187729,1.5880633812623013,5.326149501768544
180,7.85371,1.9435062670635281,1.7906896674738129,1.58675544604652,5.320951380583861
181,7.89178,1.9413956492418247,1.7889191180806165,1.5854513129679941,5.315766080290436
182,7.92986,1.9392922927199665,1.7871507681276604,1.5841509820267232,5.31059404287435
183,7.96794,1.93719135663139,1.7853890164954243,1.5828544532227078,5.305434826349522
184,8.00601,1.935097681842659,1.783631663743668,1.5815617265559472,5.300291072142274
185,8.04409,1.9330088479204917,1.781876510432152,1.5802728020264418,5.295158160379085
186,8.08216,1.9309224344316058,1.7801279554413556,1.5789895807028194,5.290039970575781
187,8.120239999999999,1.928845702675847,1.7783859987712793,1.577710161516452,5.284941862963578
188,8.15832,1.92677139135337,1.7766462415414432,1.5764345444673398,5.2798521773621525
189,8.19639,1.9247019208974567,1.774913082632327,1.5751627295554829,5.2747777330852665
190,8.23447,1.9226397117413885,1.7731843226036905,1.5738966178495086,5.269720652194588
191,8.272540000000001,1.920582343451884,1.7714599614555342,1.5726324072121618,5.2646747121195805
192,8.31062,1.9185322364622248,1.7697421986280981,1.5713758008493255,5.259650235939648
193,8.348700000000001,1.9162957561098692,1.767859477782662,1.5699861196825582,5.25414135357509
194,8.38677,1.9138123915627732,1.7657634112339464,1.5684234412706801,5.247999244067399
195,8.424850000000001,1.911329027015677,1.7636673446852311,1.5668626639274295,5.241859035628337
196,8.46293,1.9088480829018626,1.7615734775767558,1.565301886584179,5.235723447062798
197,8.501,1.9063695592213301,1.7594796104682802,1.563743010309556,5.229592179999166
198,8.53908,1.9038910355407976,1.7573857433598048,1.5621860351035608,5.223462814004163
199,8.57715,1.9014125118602652,1.7552962751318093,1.5606309609661928,5.217339747958267
200,8.61523,1.8989364086130143,1.7532046074635736,1.5590758868288253,5.211216902905413
201,8.65331,1.8964603053657636,1.7511173386758183,1.5575208126914575,5.205098456733039
202,8.691379999999999,1.8939672590855405,1.7490124743661428,1.5559562332109518,5.198935966662635
203,8.72946,1.8914403267393725,1.7468790173333473,1.5543688409069152,5.192688184979635
204,8.76754,1.8889158148264862,1.744749959181032,1.552783349671506,5.186449123679024
205,8.80561,1.886393723346882,1.7426187015884766,1.5511978584360968,5.180210283371455
206,8.84369,1.8838716318672775,1.7404918428764011,1.549614268269315,5.173977743012994
207,8.88176,1.881351960820955,1.7383649841643258,1.548032579171161,5.1677495241564415
208,8.91984,1.8788322897746321,1.7362403248924902,1.5464527911416346,5.1615254058087565
209,8.95792,1.876317459594873,1.734117865060895,1.544874904180736,5.155310228836504
210,8.995989999999999,1.8738002089818322,1.7319954052292996,1.5432989182884647,5.149094532499596
211,9.03407,1.8712877992353547,1.729875144837944,1.5417229323961932,5.142885876469492
212,9.07214,1.8687753894888774,1.7277570838868286,1.5401488475725498,5.136681320948256
213,9.11022,1.866265400175682,1.7256412223759532,1.5385785648861614,5.130485187437796
214,9.148299999999999,1.863757831295768,1.7235275603053177,1.5370082821997728,5.124293673800858
215,9.18637,1.861252682849136,1.7214138982346823,1.5354399005820119,5.11810648166583
216,9.224450000000001,1.858749954835786,1.719304635044527,1.5338734200328787,5.111928009913192
217,9.26253,1.8562472268224357,1.7171953718543715,1.5323107416210007,5.105753340297808
218,9.300600000000001,1.8537493396756488,1.7150905075446958,1.5307480632091226,5.0995879104294675
219,9.33868,1.8512514525288624,1.7129856432350206,1.529187285865872,5.093424381629755
220,9.37675,1.8487559858153575,1.710882978365585,1.5276303106598765,5.0872692748408195
221,9.41483,1.8462653599684158,1.7087847123766295,1.5260733354538814,5.081123407798927
222,9.45291,1.8437747341214745,1.706686446387674,1.524520162385141,5.074981342894289
223,9.49098,1.8412889491410969,1.7045925792791987,1.5229688903850287,5.068850418805324
224,9.52906,1.838803164160719,1.7025009116109633,1.521417618384916,5.062721694156599
225,9.567129999999999,1.8361866757831256,1.700292673610008,1.5197769961593066,5.05625634555244
226,9.60521,1.8332289063128022,1.6977875111766534,1.5178968392866212,5.048913256776077
227,9.64329,1.8302662959759157,1.6952801493030587,1.5160166824139358,5.0415631276929105
228,9.68136,1.8273036856390292,1.6927705879892243,1.5141346244726226,5.034208898100876
229,9.71944,1.8243386548688607,1.6902610266753895,1.5122525665313098,5.02685224807556
230,9.757520000000001,1.8213736240986926,1.687749265921315,1.5103705085899966,5.019493398610004
231,9.79559,1.8184061728952423,1.6852375051672406,1.5084865495800561,5.012130227642539
232,9.83367,1.8154363012585106,1.6827235449729259,1.5066025905701153,5.004762436801552
233,9.871739999999999,1.812464009188497,1.6802073853383712,1.5047186315601746,4.997390026087043
234,9.90982,1.8094917171184832,1.6776934251440567,1.5028346725502342,4.990019814812774
235,9.947899999999999,1.8065194250484695,1.6751750660692621,1.500948812471666,4.9826433035893976
236,9.98597,1.8035422921118924,1.6726589064347075,1.4990648534617252,4.975266052008325
237,10.024,1.800567579608597,1.6701405473599131,1.497178993383157,4.9678871203516675
238,10.062100000000001,1.797588026238738,1.6676199888448786,1.4952931333045887,4.9605011483882056
239,10.100200000000001,1.7946084728688791,1.6651016297700838,1.4934053721573928,4.9531154747963555
240,10.1383,1.7916289194990203,1.6625788718148093,1.4915195120788247,4.945727303392655
241,10.1764,1.7886469456958796,1.6600583132997748,1.489631750931629,4.938337009927284
242,10.2144,1.7855512115284955,1.6574387799739405,1.487669848107957,4.930659839610393
243,10.2525,1.7823998073956309,1.6547708589628263,1.485671824980361,4.922842491338819
244,10.2906,1.7792435623962028,1.652102937951712,1.4836719007841377,4.915018401132052
245,10.328700000000001,1.7760873173967746,1.6494328175003576,1.4816700755192864,4.9071902104164185
246,10.366700000000002,1.7729286519640648,1.6467604976087635,1.479670151323063,4.899359300895892
247,10.4048,1.769767566098073,1.6440881777171694,1.4776683260582115,4.891524069873453
248,10.4429,1.7666040597987995,1.6414136583853352,1.4756665007933605,4.8836842189774945
249,10.481,1.763438133066244,1.638736939613261,1.4736646755285094,4.875839748208014
250,10.519,1.760272206333689,1.6360602208411867,1.4716609491950308,4.867993376369907
251,10.5571,1.75710143873457,1.6333813026288726,1.4696572228615519,4.860139964224994
252,10.5952,1.7539306711354514,1.6307023844165582,1.4676534965280732,4.852286552080082
253,10.633299999999998,1.7504573493761113,1.6277683311364046,1.4654539601259529,4.843679640638469
254,10.671299999999999,1.74695498241739,1.6248078845733709,1.4632354130375564,4.8349982800283176
255,10.7094,1.7434477745921055,1.6218430391298573,1.4610149648805326,4.826305778602495
256,10.7475,1.7399333054669752,1.6188737948058638,1.4587907145862535,4.817597814859092
257,10.7856,1.7364139954752815,1.6159001516013902,1.4565664642919744,4.808880611368646
258,10.8236,1.7328874241837426,1.6129243089566767,1.4543384118604403,4.80015014500086
259,10.8617,1.7291309117304354,1.6097527161306036,1.4519639771445818,4.79084760500562
260,10.899799999999999,1.7249096760870284,1.6061874235015712,1.4492891735855642,4.780386273174163
261,10.937899999999999,1.719049807111863,1.601196893597022,1.445479432055876,4.765726132764761
262,10.976,1.7129430539419572,1.5959952174294332,1.4415061986242148,4.750444469995605
263,11.014,1.7043868222909,1.588684278071689,1.4358828376238069,4.728953937986396
264,11.052100000000001,1.689924733432324,1.5762442440742759,1.426189288691731,4.6923582661983305
265,11.090200000000001,1.6665360866305798,1.5560379865894396,1.4103153656513634,4.632889438871382
266,11.1283,1.6327734627831691,1.5267942291584626,1.3872325903751785,4.546800282316811
267,11.1663,1.587879266272898,1.4878179486655068,1.3563478294513687,4.432045044389773
268,11.2044,1.5419975329836644,1.4478519200645532,1.324504929939254,4.314354382987472
269,11.2425,1.4989210818680025,1.4102172981179946,1.2943805964664794,4.203518976452476
270,11.2806,1.4646574283312657,1.3801223573141395,1.2700925436804031,4.1148723293258085
271,11.3186,1.4433915015176337,1.3614161180729798,1.2549676416793056,4.05977526126992
272,11.3567,1.4303502069954568,1.3499152450580447,1.2456429000609819,4.025908352114483
273,11.3948,1.4248606643124022,1.345063279888615,1.241711490139128,4.011635434340145
274,11.4329,1.4243862593891752,1.344638787922296,1.2413807041979275,4.010405751509399
275,11.4709,1.4252963423031209,1.3454855724146941,1.2421506369921012,4.012932551709916
276,11.509,1.4254802952325354,1.3457121147594138,1.242437698354867,4.013630108346816
277,11.5471,1.4256400438291321,1.3459166627017334,1.2427076500999845,4.01426435663085
278,11.5852,1.4250664011413525,1.345494370175654,1.2424928293450672,4.013053600662074
279,11.6232,1.4236964359038708,1.3443924506154166,1.24174951151168,4.0098383980309675
280,11.661299999999999,1.4223240502331074,1.343286132174699,1.241004292609665,4.0066144750174715
281,11.699399999999999,1.42094682369578,1.3421776142937414,1.2402571726390226,4.003381610628544
282,11.7375,1.4195671767251712,1.3410668969725439,1.2395062505311247,4.000140324228839
283,11.7756,1.4176235687999097,1.339474502238787,1.2383846200408473,3.995482691079544
284,11.813600000000001,1.415345941081764,1.3375983797140711,1.2370462677270249,3.98999058852286
285,11.851700000000001,1.4130707337969002,1.3357244566295954,1.2357079154132022,3.9845031058396976
286,11.8898,1.4107955265120362,1.3338505335451194,1.2343714641680072,3.9790175242251626
287,11.9279,1.4085203192271725,1.3319788099008834,1.2330369139914397,3.9735360431194953
288,11.9659,1.4062475323755903,1.3301092856968875,1.2317042648834997,3.9680610829559777
289,12.004,1.4039747455240084,1.3282397614928914,1.2303735168441876,3.962588023861087
290,12.0421,1.401704379105708,1.3263724367291354,1.2290427688048753,3.9571195846397185
291,12.080200000000001,1.3989281421315176,1.3240784205588203,1.2273869380302456,3.9503935007205833
292,12.1182,1.3960333039265207,1.3216832301374655,1.225655064510512,3.9433715985744984
293,12.1563,1.3931384657215238,1.3192924385965907,1.2239250920594058,3.9363559963775203
294,12.1944,1.3902436275165269,1.316899447615476,1.2221989217455551,3.9293419968775583
295,12.2325,1.3873487893115297,1.314510855514841,1.220474652500332,3.922334297326703
296,12.2705,1.3844539511065328,1.3121222634142062,1.2187522843237364,3.9153284988444756
297,12.3086,1.3815591129015357,1.3097336713135714,1.2170318172157684,3.9083246014308752
298,12.3467,1.3782116536728477,1.3069667754916572,1.2150242887450347,3.9002027179095395
299,12.384799999999998,1.3746173102494192,1.3039931322871838,1.2128627737154658,3.8914732162520687
300,12.422799999999999,1.3710157055261454,1.3010150902022302,1.2107012586858974,3.882732054414273
301,12.460899999999999,1.367409259936308,1.2980370481172767,1.2085397436563285,3.873986051709913
302,12.499,1.3637979734799068,1.295056806592083,1.2063801296953878,3.865234909767378
303,12.5371,1.3601818461569424,1.2920743656266496,1.2042224168030742,3.8564786285866663
304,12.5752,1.3557500328180216,1.2884144970672975,1.2015552175185669,3.8457197474038862
305,12.6132,1.3494230202194746,1.2831160455291488,1.1975971926359268,3.83013625838455
306,12.651299999999999,1.3400026938868255,1.275105684175086,1.191454839900187,3.8065632179620987
307,12.6894,1.3305024932558778,1.2670337384943036,1.1852687625860125,3.7828049943361943
308,12.7275,1.3187440283730392,1.2569866954780053,1.1774914908305463,3.753222214681591
309,12.7655,1.299215972655718,1.240108191076282,1.1641840104374237,3.703508174169424
310,12.803600000000001,1.279656451305734,1.2231966950709583,1.150844211877632,3.653697358254324
311,12.841700000000001,1.260459994948016,1.2065579296553943,1.1376717073570684,3.604689631960478
312,12.8798,1.24245681219821,1.1908473280211083,1.1251094458659605,3.558413586085279
313,12.9178,1.2246642071439182,1.1753016844048216,1.1126612484925082,3.512627140041248
314,12.9559,1.208836993914424,1.161399022647812,1.1014411414524783,3.471677158014714
315,12.994,1.2027544450773358,1.156113767751103,1.0972549883345275,3.456123201162966
316,13.0321,1.1969333030346787,1.151059454079594,1.0932589420793357,3.441251699193608
317,13.0701,1.1911339448915577,1.146024935370245,1.0892762033045367,3.4264350835663393
318,13.1082,1.187738076997234,1.1431216742534513,1.0870424476671199,3.4179021989178056
319,13.1463,1.1841146883744245,1.1400776489612978,1.0847630663826406,3.4089554037183625
320,13.1844,1.1795061834059342,1.1362110330193862,1.0818639367255674,3.397581153150888
321,13.2224,1.1748904171375987,1.1323378187567545,1.0789610049312393,3.3861892408255923
322,13.2605,1.170264969136136,1.128460205613643,1.076056172068283,3.3747813468180623
323,13.2986,1.1609753462007026,1.1204498442595803,1.0697712391854743,3.351196429645757
324,13.3367,1.1513153969731582,1.112113965749998,1.0632182556261753,3.3266476183493316
325,13.3747,1.1416723907785864,1.1037890844416163,1.056670975272759,3.3021324504929614
326,13.412799999999999,1.1332323399250541,1.096471546763152,1.0508784191644953,3.2805823058527013
327,13.450899999999999,1.1256321794202961,1.0898534310810064,1.0456143601347017,3.261099970636004
328,13.489,1.1180731662813281,1.0832683070024605,1.0403712128598113,3.2417126861435994
329,13.5271,1.1106472769728577,1.0768019526968744,1.0352231190163006,3.2226723486860327
330,13.565100000000001,1.1091441879048782,1.075609856086797,1.0344265712613407,3.219180615253016
331,13.603200000000001,1.107631417103772,1.0744111611559997,1.0336224192318706,3.2156649974916425
332,13.6413,1.1061113850028204,1.0732036684642423,1.0328125639965178,3.2121276174635804
333,13.6794,1.1045816711687417,1.0719917768920049,1.031997005555282,3.2085704536160287
334,13.7174,1.1026017567442539,1.0704015815984882,1.0308981878885357,3.2039015262312773
335,13.7555,1.0999949500997874,1.068290118968093,1.0294096511531337,3.1976947202210138
336,13.7936,1.0973833025887576,1.0661742574572175,1.0279192133491037,3.1914767733950784
337,13.831700000000001,1.0947643937778824,1.0640583959463419,1.0264268744764464,3.185249664200671
338,13.8697,1.0921430645337256,1.0619359361147467,1.024934535603789,3.1790135362522616
339,13.9078,1.0895144739897231,1.0598134762831513,1.0234383945938765,3.1727663448667505
340,13.9459,1.0868762017125937,1.0576822186905959,1.0219403525153365,3.1664987729185263
341,13.984,1.0839862043741604,1.0553640086776408,1.0203282463191412,3.1596784593709426
342,14.022,1.0810889457358817,1.0530457986646857,1.0187180411915733,3.152852785592141
343,14.0601,1.0781868462310393,1.0507231897712508,1.017105934995378,3.1460159709976683
344,14.0982,1.0752774854263516,1.0483983814375757,1.01549572986781,3.139171596731737
345,14.136299999999999,1.0723632837551005,1.0460713736636609,1.0138836236716147,3.132318281090376
346,14.174299999999999,1.069441820784004,1.043742166449506,1.0122715174754193,3.1254555047089294
347,14.212399999999999,1.0665106760797805,1.041408560354871,1.0106594112792238,3.118578647713875
348,14.2505,1.0635771109422751,1.039072754819996,1.009049206151656,3.111699071913927
349,14.2886,1.0606338640716426,1.036732550404641,1.0074370999554605,3.104803514431744
350,14.3267,1.0575211868712864,1.0342581801346464,1.0057261381906304,3.0975055051965636
351,14.364700000000001,1.0542366589079246,1.031645245129532,1.0039201229944212,3.089802027031878
352,14.4028,1.0509448696447172,1.0290301106841777,1.002112206729584,3.082087187058479
353,14.4409,1.047640978215101,1.0264105773583434,1.0003042904647468,3.0743558460381912
354,14.479,1.0443274050523577,1.023784445711789,0.9984963741999097,3.0666082249640563
355,14.517,1.0410041501564875,1.0211561146249948,0.9966884579350728,3.0588487227165553
356,14.5551,1.0376687930942083,1.0185211852174803,0.9948805416702357,3.051070519981924
357,14.593200000000001,1.0343237542988022,1.015881856929486,0.9930726254053984,3.043278236633687
358,14.6313,1.0309641929037052,1.0132381297610118,0.9912628080719339,3.035465130736651
359,14.6693,1.0274811894112381,1.0104954277817377,0.9893864533365037,3.0273630705294794
360,14.7074,1.0238965277209366,1.0076779448343038,0.9874587697481284,3.019033242303369
361,14.7455,1.0202997638642264,1.00485386356615,0.9855310861597533,3.0106847135901296
362,14.7836,1.0166860569745437,1.002023183977276,0.9836034025713781,3.0023126435231977
363,14.8216,1.0130578274851705,0.9991859060676821,0.9816738179143752,2.9939175514672276
364,14.8597,1.0094126549628246,0.9963420298373683,0.9797423321887451,2.985497016988938
365,14.8978,1.0057529598407884,0.9934893558460944,0.9778127475317421,2.977055063218625
366,14.9359,1.0020763216857795,0.9906300835341005,0.9758812618061119,2.968587667025992
367,14.9739,0.9983803200645167,0.9877642129013867,0.9739478750118539,2.9600924079777573
368,15.012,0.9946697958435632,0.9848895445077129,0.9720144882175958,2.951573828568872
369,15.0501,0.9909253855566648,0.9819950811518793,0.9700734971488276,2.9429939638573717
370,15.0882,0.9870139653733244,0.9789774491426058,0.9680488590604455,2.9340402735763758
371,15.126299999999999,0.9830831817237299,0.9759488199321323,0.9660223199034356,2.9250543215592977
372,15.164299999999999,0.9791306141745993,0.9729113929606988,0.9639938796777981,2.9160358868130962
373,15.202399999999999,0.9751538422926511,0.9698651682283055,0.9619654394521608,2.9069844499731174
374,15.2405,0.9711528660778852,0.966805746854472,0.9599350981578958,2.897893711090253
375,15.2786,0.9671276855303015,0.9637375277196787,0.9579028557950032,2.8887680690449833
376,15.316600000000001,0.9630783006499002,0.9606561119434454,0.955868712363483,2.8796031249568284
377,15.354700000000001,0.9590022910033994,0.957565898406252,0.9538345689319628,2.8704027583416143
378,15.3928,0.9548996565907991,0.9544624882276187,0.9517966233631876,2.8611587681816055
379,15.4309,0.9507002048469281,0.9512930948417856,0.9497225574904881,2.851715857179202
380,15.4689,0.9463942540386592,0.9480489204877925,0.9476047670393539,2.8420479415658058
381,15.507,0.9420544171644455,0.9447937489325996,0.9454831744509646,2.8323313405480097
382,15.5451,0.9376831146575687,0.9415209818554866,0.9433596807939478,2.8225637773070034
383,15.583200000000001,0.9332755056514653,0.9382350181369337,0.9412342860683034,2.8127448098567025
384,15.6212,0.9288315901461355,0.9349314588964608,0.9391069902740314,2.8028700393166277
385,15.6593,0.9243513681415791,0.931612503574308,0.9369758923425041,2.7929397640583913
386,15.6974,0.9198348396377962,0.9282759527302352,0.9348428933423495,2.782953685710381
387,15.7355,0.9152771637682232,0.9249240058044824,0.9327060922049395,2.772907261777645
388,15.7735,0.9106759200995783,0.9215522639165697,0.930567389998902,2.7627955740150503
389,15.8116,0.9060359494984251,0.9181629265067371,0.9284248856556092,2.7526237616607716
390,15.8497,0.9013499906649183,0.9147537941347444,0.9262804802436889,2.7423842650433516
391,15.887799999999999,0.8966156231657759,0.9113248668005919,0.9241303716258857,2.7320708615922538
392,15.9259,0.8918376878675619,0.9078761445042792,0.921978361939455,2.721692194311296
393,15.963899999999999,0.8869580943715134,0.9043702367617269,0.9197997372922382,2.7111280684254786
394,16.002,0.8819405361784041,0.9007763514095747,0.9175754869979591,2.700292374585938
395,16.0401,0.8768648875865322,0.8971560727745425,0.9153455334977972,2.689366493858872
396,16.078200000000002,0.8717335690291796,0.8935137997371103,0.9131117778603802,2.6783591466266703
397,16.1162,0.8664255588422579,0.8897395602852785,0.9107905730660942,2.6669556921936306
398,16.1543,0.8606770297980542,0.8855958148731274,0.9081804058404146,2.6544532505115965
399,16.1924,0.8548631490552424,0.8814212772976164,0.9055645354088523,2.641848961761711
400,16.2305,0.8489766553139776,0.8772159475587455,0.9029410607027796,2.6291336635755025
401,16.2685,0.8430199690075415,0.8729754267760347,0.900311882790824,2.6163072785744
402,16.3066,0.8369882492693705,0.8687019143897239,0.8976731995357305,2.603363363194825
403,16.3447,0.8308790756661828,0.8643932109595732,0.8950269120061267,2.590299198631883
404,16.3828,0.8246924481979785,0.8600493164855826,0.892371119133385,2.5771128838169464
405,16.4208,0.8184211055649122,0.8556658320872721,0.8897096230547604,2.563796560706945
406,16.4589,0.8120650477669842,0.8512449572048816,0.8870386216329981,2.5503486266048636
407,16.497,0.8056218543709123,0.8467844923981712,0.8843581148680976,2.536764461637181
408,16.5351,0.799086684510133,0.842282238226901,0.8816681027600592,2.523037025497093
409,16.5731,0.7923288347874309,0.837643618760751,0.8789153553873105,2.5088878089354925
410,16.6112,0.785454804267204,0.8329500132886011,0.8761454983969134,2.4945503159527185
411,16.6493,0.7784766951158608,0.8282102195714113,0.8733661360633783,2.48005305075065
412,16.6874,0.7713896664668382,0.8234176392884617,0.8705772683867053,2.4653845741420053
413,16.7255,0.7641937183201357,0.8185744718799922,0.8677750932296393,2.4505432834297673
414,16.7635,0.7568791689426265,0.8136763184655228,0.8649615116608076,2.435516999068957
415,16.801599999999997,0.7494508592008743,0.8087231790450534,0.8621384247488382,2.420312462994766
416,16.8397,0.7418966869284699,0.8037106547381043,0.8593020303564755,2.4049093720230497
417,16.8778,0.7342214929919769,0.7986387455446752,0.8564523284837195,2.3893125670203714
418,16.9158,0.7264155956582685,0.7935030525842863,0.8535912201991983,2.373509868441753
419,16.9539,0.7184814153606263,0.7883035758569374,0.8507168044342838,2.3575017956518476
420,16.992,0.7104141112324867,0.7830381159223888,0.8478271801203485,2.341279407275224
421,17.030099999999997,0.7022136832738497,0.7777000744599205,0.8449261493946479,2.324839907128418
422,17.068099999999998,0.6938752906181518,0.7722916509097721,0.8420080090512989,2.3081749505792226
423,17.1062,0.6853965128321112,0.766808446391464,0.8390765612275567,2.291281520451132
424,17.144299999999998,0.6767821907822916,0.761246062024516,0.8361299048547939,2.2741581576616015
425,17.1824,0.6680274836021293,0.7556044978089281,0.8331680399330104,2.256800021344068
426,17.2204,0.6591323912916243,0.7498793548642205,0.8301890653935784,2.239200811549423
427,17.2585,0.6501017547173402,0.744066234309913,0.8271929812364983,2.221360970263752
428,17.296599999999998,0.6409355738792769,0.7381629367057658,0.8241797874617698,2.203278298046812
429,17.3347,0.6315539744791361,0.7321078777250589,0.8211190669713516,2.1847809191755467
430,17.372700000000002,0.6219569565169178,0.7258966584873123,0.8180089186966161,2.1658625337008464
431,17.4108,0.6122364964573291,0.719582065558286,0.8148778586669772,2.1466964206825923
432,17.448900000000002,0.6023950147336521,0.7131597000574997,0.8117258868824346,2.1272806016735863
433,17.487,0.5924470339455772,0.7066251631044739,0.8085530033429887,2.10762520039304
434,17.5251,0.5823973949596679,0.6999762552589682,0.8053592080486393,2.0877328582672754
435,17.5631,0.5722606203756149,0.6932085776405029,0.8021406988621312,2.067609896878249
436,17.601200000000002,0.562048812359827,0.6863199308088378,0.7988993768520922,2.0472681200207568
437,17.6393,0.5517764935119948,0.6793037164432529,0.7956333409498942,2.026713550905142
438,17.677400000000002,0.5414557659985272,0.6721599345437484,0.7923425911555378,2.0059582916978136
439,17.715400000000002,0.5311084137189602,0.664884186229844,0.7890252264003952,1.9850178263491995
440,17.7535,0.5207465388397026,0.6574742720613002,0.7856793456158386,1.9639001565168415
441,17.7916,0.5103895048270084,0.6499235937173964,0.7823068498704959,1.9426199484149007
442,17.8297,0.500056675147132,0.6422365500786129,0.7789058380957392,1.9211990633214842
443,17.8677,0.4897649928330457,0.6344065428242298,0.7754725081543137,1.8996440438115891
444,17.9058,0.47952898048444004,0.6264313725140072,0.7720106621834741,1.8779710151819213
445,17.943900000000003,0.4693728424341329,0.6183154380284246,0.7685145969773381,1.8562028774398958
446,17.982,0.45930626041525113,0.6100543404870025,0.7649843125359055,1.834344913438159
447,18.02,0.44934859789404913,0.6016502793299806,0.7614198088591763,1.8124186860832059
448,18.0581,0.4395143774702173,0.5931076534378391,0.7578191848785227,1.7904412157865792
449,18.0962,0.4298181217434464,0.5844264628105779,0.7541824405939451,1.7684270251479695
450,18.1343,0.4202670920135818,0.5756133057689169,0.7505038727995605,1.7463842705820594
451,18.1723,0.4108758108803139,0.5666747806335762,0.7467872836326241,1.7243378751465142
452,18.2104,0.40157892664503514,0.557533906996156,0.7429908495833291,1.7021036832245202
453,18.2485,0.3924175866735354,0.548232474221216,0.7391259770634407,1.679776037958192
454,18.2866,0.3834450404980138,0.5388254683147563,0.7352135778278628,1.6574840866406328
455,18.3246,0.374663708551752,0.5293304847986968,0.7312517508079674,1.6352459441584162
456,18.3627,0.36607843170131354,0.5197563214339975,0.7272385949351271,1.6130733480704382
457,18.4008,0.35769163037998025,0.5101183743023383,0.7231741102093421,1.5909841148916606
458,18.4389,0.3494403733224261,0.5002318904235596,0.7187522245815702,1.568424488327556
459,18.477,0.34139485309382245,0.49032781102286105,0.7142657026204602,1.5459883667371437
460,18.515,0.3335599105607327,0.48043032994288243,0.70971644539464,1.523706685898255
461,18.553099999999997,0.3259307048565935,0.47055924214578376,0.7051044529041091,1.5015943999064862
462,18.5912,0.31850723598140473,0.460732143153485,0.7004240219429853,1.4796634010778749
463,18.6293,0.31128224263532106,0.45096442904766604,0.6956751525112681,1.4579218241942553
464,18.6673,0.30425572481834257,0.441275894790487,0.6908540424717025,1.436385662080532
465,18.7054,0.2974204212306239,0.4316841359038677,0.6859587907556609,1.4150633478901526
466,18.7435,0.29077633187216506,0.4222023490292482,0.6809836941572607,1.393962375058674
467,18.781599999999997,0.28431377500983895,0.4128481296885484,0.6759287526765017,1.3730906573748891
468,18.819599999999998,0.27803275064364563,0.40363247508296834,0.6707882631075013,1.3524534888341153
469,18.8577,0.2719259974737398,0.39456638241370784,0.6655603243816317,1.3320527042690793
470,18.895799999999998,0.2659910950668396,0.3856608488819671,0.6602430354302654,1.3118949793790722
471,18.9339,0.26022078212309974,0.37692467224870596,0.6548287919788921,1.2919742463506978
472,18.9719,0.2546102177759567,0.3683666502748844,0.6493175940275119,1.272294462078353
473,19.01,0.24915456115884702,0.35998678296050257,0.6437037383702416,1.2528450824895914
474,19.048099999999998,0.2438513918384888,0.35179386806652024,0.6379834228698266,1.2336286827748357
475,19.0862,0.23869490077500585,0.34379010503317753,0.6321547464576388,1.214639752265822
476,19.124200000000002,0.2336720176286766,0.3359644966592744,0.6262005995160304,1.1958371138039814
477,19.1623,0.22875345515679166,0.32827525358025106,0.620079158535194,1.1771078672722366
478,19.200400000000002,0.22397043694868582,0.32078176068258724,0.6138322470249367,1.1585844446562097
479,19.2385,0.21931812213779558,0.31347961908580296,0.607457963916631,1.1402557051402296
480,19.2766,0.2147926380308701,0.30637102823013834,0.6009544081416492,1.1221180744026578
481,19.3146,0.21038986989133035,0.29945378867535327,0.5943158764941087,1.1041595350607922
482,19.352700000000002,0.20610546093926915,0.29272130210072783,0.5875404679053817,1.0863672309453787
483,19.3908,0.20193578052476388,0.286171369066022,0.5806243802382132,1.068731529828999
484,19.428900000000002,0.19787695595456364,0.2798017901309957,0.573567613492603,1.0512463595781623
485,19.466900000000003,0.19392535657874582,0.2736081664151691,0.5663663655312962,1.033899888525211
486,19.505,0.19007783583404414,0.2675882984783021,0.5590187352856649,1.016684869598011
487,19.5431,0.18633052102720774,0.26173338855943473,0.5515285248929644,0.9995924344796069
488,19.5812,0.1826802655949703,0.25604123721832706,0.5438938332845673,0.9826153360978647
489,19.6192,0.1791241650173937,0.250507445574499,0.5361165615291009,0.9657481721209936
490,19.6573,0.17565907273121167,0.2451298141877106,0.5282024128324482,0.9489912997513704
491,19.695400000000003,0.17228208421648608,0.23989954529700191,0.5201532882632366,0.9323349177767246
492,19.7335,0.16899029495327877,0.23481443946213287,0.511974891027349,0.9157796254427607
493,19.7715,0.1657808004216517,0.22987229724286354,0.5036767264679234,0.8993298241324386
494,19.8096,0.1626514222316512,0.22506432087823394,0.49526829992809746,0.8829840430379825
495,19.8477,0.15959925586333912,0.22038831092800404,0.4867572156823818,0.8667447824737249
496,19.8858,0.15662212292676192,0.21583986851169384,0.478158682279797,0.8506206737182528
497,19.9238,0.15371760298863787,0.21141569446894343,0.4694860072007363,0.8346193046583176
498,19.9619,0.15088351765901328,0.20711138991927272,0.4607563000628479,0.8187512076411338
499,20.0,0.14811744650460645,0.20292277592622576,0.4519809672778973,0.8030211897087296
