,Windt Energy [keV],S08 Windt EA [cm^2],S09 Windt EA [cm^2],S10 Windt EA [cm^2],S08+S09+S10 EA [cm^2]
0,1.0,2.288088830789442,2.0838970458675794,1.8089010183861702,6.180886895043192
1,1.03808,2.2880646264566242,2.0838904475468594,1.8089181280038185,6.1808732020073025
2,1.0761500000000002,2.287950866092381,2.0838090682579797,1.8088782055626391,6.1806381399129995
3,1.11423,2.287655573232005,2.08356712983158,1.8087109115234112,6.1799336145869965
4,1.1522999999999999,2.2872077930748773,2.0831932249907807,1.8084371576410383,6.178838175706697
5,1.1903800000000002,2.2866317299538164,2.082704949257502,1.808074053533169,6.177410732744487
6,1.22846,2.285946747335075,2.0821242970341434,1.8076368077488234,6.175707852118041
7,1.26653,2.2852327195169533,2.0815194509681447,1.8071805512782022,6.1739327217633
8,1.3046099999999998,2.2844727034664776,2.080875014977826,1.8066938777095394,6.172041596153843
9,1.3426900000000002,2.2835698818523773,2.080105210893828,1.806108348572242,6.169783441318447
10,1.38076,2.2825339364077797,2.0792188364771094,1.8054277660035651,6.167180538888455
11,1.4188399999999999,2.281343083233149,2.078198296205752,1.8046426246603708,6.164184004099272
12,1.4569100000000001,2.280007004061612,2.0770523878407143,1.8037586277485422,6.160818019650868
13,1.49499,2.2785547440925495,2.075803105784397,1.8027909838170995,6.157148833694046
14,1.53307,2.276959678559863,2.0744284556343997,1.8017263853856496,6.153114519579912
15,1.5711400000000002,2.275151614898381,2.0728734513847233,1.8005135036012478,6.1485385698843515
16,1.60922,2.2730918261755946,2.0710941042305673,1.79912382243448,6.143309752840643
17,1.64729,2.2707536876254046,2.0690706192097714,1.7975421333363264,6.137366440171503
18,1.6853699999999998,2.268037961483259,2.0667194175932164,1.7956961956989375,6.130453574775412
19,1.7234500000000001,2.264947068182438,2.0640426988211424,1.7935898116595688,6.122579578663149
20,1.76152,2.2613648269254187,2.0609326903217893,1.791137433129979,6.1134349503771865
21,1.7995999999999999,2.2570782395834037,2.0572090379954773,1.7881945788944713,6.102481856473352
22,1.83768,2.2518089563289903,2.052623205095087,1.7845597356785214,6.0889918971025985
23,1.87575,2.2448187450112385,2.04653295507054,1.7797215160213076,6.071073216103086
24,1.91383,2.2351926818496386,2.0381354922342383,1.773031655520822,6.046359829604699
25,1.9519000000000002,2.2207281725577808,2.0255019074957055,1.7629426843142078,6.009172764367694
26,1.98998,2.1945729705149737,2.002627728999755,1.744635393430526,5.941836092945255
27,2.02806,2.0340546761345464,1.861903143564379,1.6314799865791776,5.527437806278103
28,2.0661300000000002,1.8826468926267017,1.7284037193173873,1.5230050106889528,5.134055622633042
29,2.10421,1.7560679137232544,1.6166831523268286,1.432029371515684,4.804780437565767
30,2.1422800000000004,1.8884728755359224,1.7335218167558561,1.5271398349539587,5.149134527245737
31,2.1803600000000003,1.9489135150150028,1.7868252509721412,1.5704784964571037,5.306217262444248
32,2.21844,1.9767654407883306,1.811384200691928,1.5904397170467874,5.378589358527046
33,2.25651,1.994950156034269,1.8274247183622134,1.6034867510379305,5.425861625434413
34,2.2945900000000004,2.008044700088645,1.8389827768233884,1.612895139675868,5.459922616587901
35,2.3326700000000002,2.017864397912786,1.8476573691299296,1.6199690160391265,5.4854907830818425
36,2.3707399999999996,2.0253048098209474,1.8542380943279955,1.625349040255203,5.504891944404147
37,2.40882,2.030794352504002,1.859101056698625,1.6293393833045122,5.51923479250714
38,2.44689,2.0343693324611767,1.862283646725898,1.6319704622850955,5.52862344147217
39,2.4849699999999997,2.0354682091711003,1.863290990355816,1.6328430527851587,5.531602252312075
40,2.52305,2.0299883482211727,1.8585138061545463,1.6290466187358636,5.517548773111583
41,2.56112,1.9640484843259107,1.8005211653465916,1.5821396514187342,5.346709301091236
42,2.5991999999999997,2.0132195864450697,1.8438237447916181,1.6172542900389295,5.474297621275618
43,2.63727,2.0237339486210786,1.853111980925118,1.6248262463826162,5.501672175928813
44,2.67535,2.030583774808488,1.8591736382265447,1.629789936569251,5.5195473496042835
45,2.71343,2.0357392976986586,1.863750673365975,1.6335521513832494,5.533042122447883
46,2.7515,2.039786262145778,1.867348957598607,1.6365254227167985,5.543660642461183
47,2.78958,2.042889257613007,1.8701202523010012,1.6388276168248088,5.551837126738818
48,2.82766,2.044934523736103,1.871961183781877,1.6403826909621766,5.557278398480157
49,2.86573,2.0454016673594846,1.8724164679115562,1.640816134609267,5.558634269880308
50,2.90381,2.030261857182013,1.8591560427046248,1.6301758535006514,5.519593753387289
51,2.9418800000000003,2.034846157817685,1.863216209387656,1.6335065257361874,5.531568892941529
52,2.97996,2.0399774763750376,1.867773449564926,1.6372554330697926,5.545006359009756
53,3.01804,2.042944927578488,1.8704259744943605,1.6394663758836787,5.552837277956527
54,3.0561100000000003,2.0450991131992633,1.8723636813457964,1.6411031959720328,5.558565990517092
55,3.09419,2.0466167248669334,1.8737449298165134,1.6422894627956481,5.562651117479095
56,3.13226,2.045844606650048,1.8731136904676347,1.6418522170113028,5.560810514128986
57,3.17034,2.0387938845002522,1.866968454437088,1.636962668501144,5.542725007438484
58,3.2084200000000003,2.038440501241114,1.8666979232875685,1.6368067808736817,5.541945205402364
59,3.2464899999999997,2.043777556627417,1.8714355175645183,1.640703971560239,5.5559170457521745
60,3.28457,2.0456098246217165,1.8730938955054748,1.6421164655505376,5.560820185677729
61,3.32265,2.046984630725762,1.8743519753227522,1.6432076789427736,5.564544284991288
62,3.3607199999999997,2.0481101322017854,1.8753901111160296,1.6441220929526439,5.567622336270459
63,3.3988,2.049104930280593,1.8763138760168279,1.6449433545997623,5.570362160897183
64,3.43687,2.049973865828748,1.877127668905626,1.6456790681586393,5.572780602893013
65,3.4749499999999998,2.05064674628108,1.8777699054557047,1.6462741026390746,5.57469075437586
66,3.51303,2.051256695468086,1.8783571559997834,1.646827313609703,5.576441165077572
67,3.5511,2.0518133951228936,1.878898218298822,1.6473425032077798,5.578054116629495
68,3.58918,2.0521934031481313,1.8792853197810615,1.6477341233450629,5.579212846274256
69,3.62725,2.0525371046741427,1.8796394296597005,1.648102930658815,5.580279464992659
70,3.66533,2.052842079267646,1.87996274737498,1.6484432219431537,5.581248048585779
71,3.70341,2.0530042482975244,1.8801584975563395,1.6486827565902298,5.581845502444094
72,3.74148,2.053144633427867,1.8803366522157792,1.6489108848255405,5.582392170469187
73,3.77956,2.053239030325856,1.8804730175106588,1.6491047938255543,5.582816841662069
74,3.81764,2.053229348592729,1.8805192057556985,1.6492264622177202,5.582975016566147
75,3.85571,2.0532051442599113,1.8805543967995386,1.6493405263353755,5.583100067394826
76,3.89379,2.0530938043289497,1.8805126074349787,1.6493918551883204,5.582998266952249
77,3.93186,2.0529388965989166,1.8804356270265787,1.6494146680118515,5.582789191637347
78,3.9699400000000002,2.0527694662691927,1.880341051096259,1.6494279754922445,5.582538492857696
79,4.00802,2.0524983777416344,1.8801628964368193,1.649370943433417,5.582032217611871
80,4.04609,2.052229709647358,1.8799847417773798,1.649315812443217,5.581530263867955
81,4.08417,2.0518787468215014,1.8797340055900205,1.649203649394189,5.580816401805711
82,4.12224,2.051503579662827,1.879463474440501,1.6490743767275131,5.580041430830841
83,4.16032,2.0511066286046167,1.8791753477690618,1.648931796580444,5.579213772954123
84,4.1983999999999995,2.0506370645479532,1.8788212378904223,1.6487397886490573,5.578198091087433
85,4.236470000000001,2.050177182224417,1.8784781252129832,1.6485534839235538,5.577208791360954
86,4.2745500000000005,2.0496132212697646,1.878044835485704,1.6482968396588291,5.575954896414298
87,4.31262,2.0490662033480844,1.8776247423998649,1.6480516018058702,5.57474254755382
88,4.3507,2.0484441519946697,1.877140865547066,1.6477550350999663,5.5733400526417025
89,4.38878,2.0478148393414095,1.876650390373547,1.6474546662568073,5.571919895971764
90,4.42685,2.0471395384557955,1.8761181258354682,1.6471200781783517,5.570377742469615
91,4.464930000000001,2.0464327719375186,1.8755616674547493,1.64676647941362,5.568760918805888
92,4.503010000000001,2.0456993806531423,1.8749788157911507,1.6463957710312402,5.567073967475533
93,4.54108,2.044920001136412,1.874358573643472,1.6459927444821914,5.5652713192620755
94,4.57916,2.0441285194532735,1.8737295337348334,1.6455802125900048,5.563438265778112
95,4.617229999999999,2.0432837882379355,1.873049906700675,1.645133461462521,5.5614671564011315
96,4.65531,2.0424366365893163,1.8723724791067564,1.6446848092664104,5.559493924962483
97,4.69339,2.0415265536753706,1.8716378660665978,1.6441924324918646,5.557356852233833
98,4.73146,2.0406213116279885,1.8709098513471594,1.6437057589232018,5.55523692189835
99,4.76954,2.0396531383152805,1.870124651181481,1.6431734597074772,5.552951249204239
100,4.80762,2.0386873854358543,1.8693438498962827,1.6426468636976348,5.550678099029772
101,4.845689999999999,2.0376659625909475,1.8685124614855646,1.6420765431093582,5.548254967185871
102,4.88377,2.0366445397460406,1.8676832725150865,1.6415119257269644,5.545839737988091
103,4.92184,2.0355698673689346,1.8668056958593282,1.6409092869720185,5.543284850200282
104,4.95992,2.034490354125265,1.8659281192035704,1.6403047471484453,5.540723220477281
105,4.998,2.033367273082524,1.8650109526234924,1.6396697902268307,5.538048015932847
106,5.03607,2.0322320898733737,1.864080589401974,1.6390253279620781,5.535338007237426
107,5.0741499999999995,2.0310630205982787,1.8631238328975763,1.6383599539424218,5.532546807438276
108,5.112220000000001,2.0298673265570844,1.8621428825505384,1.63767556923649,5.5296857783441125
109,5.1503000000000005,2.028657109916199,1.8611509350023006,1.6369816791874199,5.526789724105919
110,5.18838,2.0274033254762425,1.8601215969699827,1.636259273108936,5.523784195555161
111,5.22645,2.0261568023361307,1.859094458377905,1.6355406691677072,5.520791929881742
112,5.26453,2.024844927497411,1.8580167326603072,1.6347783406480443,5.517640000805763
113,5.3026,2.0235596774247915,1.8569566024646296,1.6340350228146572,5.514551302704078
114,5.34068,2.0221921326205914,1.855830489061752,1.633234672922442,5.5112572946047855
115,5.378760000000001,2.020846371715927,1.8547197717405546,1.6324514326478754,5.508017576104357
116,5.41683,2.019449781712346,1.853565065614557,1.631630171000757,5.504645018327659
117,5.45491,2.0180435099756373,1.8524037611678394,1.6308051072163834,5.50125237835986
118,5.49299,2.016615454339393,1.851222661758962,1.6299648348829892,5.4978029509813435
119,5.53106,2.015151092203922,1.8500107701867246,1.6290998486574362,5.4942617110480825
120,5.56914,2.013696411801578,1.8488054769352071,1.6282424667063935,5.490744355443179
121,5.60721,2.0121763797006267,1.84754299823745,1.6273394591082888,5.487058837046366
122,5.64529,2.0106732906326474,1.8462981150616125,1.626449758990577,5.483421164684837
123,5.68337,2.0091169520324694,1.8450070436407353,1.6255239385689413,5.479647934242146
124,5.721439999999999,2.007555772565728,1.8437115733393783,1.6245943160100504,5.4758616619151566
125,5.75952,2.0059800704992954,1.842402906396581,1.6236551881080215,5.472038165003898
126,5.7976,2.004360800633791,1.8410568489697041,1.622685643107951,5.4681032927114455
127,5.83567,2.002756053367978,1.8397239881842666,1.6217275045196462,5.464207546071891
128,5.87375,2.001088374836838,1.8383361413928299,1.6207256413529068,5.460150157582575
129,5.91182,1.9994255371722622,1.8369526934818727,1.6197275803234226,5.456105810977557
130,5.9498999999999995,1.9977409156081503,1.8355494506087557,1.6187162118135454,5.452006578030451
131,5.987979999999999,1.9960224079780935,1.834117615012519,1.6176782283428817,5.447818251333494
132,6.026050000000001,1.9943160025144455,1.832696776617482,1.6166516512839837,5.443664430415911
133,6.0641300000000005,1.9925442453521898,1.8312187527762052,1.6155813496466511,5.439344347775046
134,6.1022,1.9907797494897794,1.8297473272556484,1.6145148501465738,5.435041926892001
135,6.14028,1.9889983105943965,1.8282627050936515,1.6134388453033586,5.430699860991407
136,6.17836,1.9871757243332238,1.826738493007335,1.612330522293474,5.426244739634033
137,6.21643,1.9853652402384598,1.8252274775624582,1.6112336056953553,5.421826323496274
138,6.25451,1.9835039270447785,1.8236724733127816,1.6101024698619397,5.4172788702195
139,6.292590000000001,1.981635352551252,1.822110870742385,1.6089656308226417,5.412711854116279
140,6.33066,1.9797691984910075,1.8205536670524682,1.6078325939205986,5.408155459464075
141,6.36874,1.9778425335987184,1.8189392779163116,1.6066558324401212,5.403437643955151
142,6.40681,1.9759255504395565,1.817335885981355,1.605486675234154,5.398748111655065
143,6.44489,1.9739867833808589,1.8157148985244786,1.604302309479166,5.394003991384503
144,6.48297,1.9720141302562162,1.8140631189042422,1.6030951309006471,5.3891723800611055
145,6.52104,1.9700487384314187,1.8124201370449657,1.6018955565966384,5.384364432073022
146,6.55912,1.9680446196741133,1.8107397647016095,1.6006655651945885,5.379449949570311
147,6.597189999999999,1.9660235578838352,1.8090461957168131,1.5994260684494004,5.374495822050049
148,6.63527,1.9640097573934023,1.8073614244929768,1.5981941759787228,5.369565357865102
149,6.67335,1.9619402869374891,1.8056238667033804,1.596920459998238,5.364484613639108
150,6.71142,1.9598708164815757,1.8038885083540244,1.5956486450863812,5.359407969921981
151,6.7495,1.957803766458944,1.802155349444908,1.5943787312431517,5.354337847147004
152,6.78758,1.9556762056042682,1.8003694039700318,1.5930669938901154,5.349112603464415
153,6.8256499999999996,1.9535583264827194,1.7985922562561156,1.5917609597429618,5.343911542481797
154,6.863729999999999,1.9514331860613252,1.7968085102214795,1.5904530245271806,5.338694720809985
155,6.901800000000001,1.9492596369742958,1.7949829748222834,1.5891089690074751,5.333351580804054
156,6.9398800000000005,1.9470933491871116,1.7931640377438072,1.5877725177622803,5.328029904693199
157,6.97796,1.9449125388002366,1.7913341034641312,1.5864246601053196,5.322671302369687
158,7.01603,1.94268816061429,1.7894645792601354,1.5850482864189452,5.317201026293371
159,7.05411,1.9404710437281887,1.7876016533768593,1.5836757148698262,5.311748411974874
160,7.09218,1.9382369838091147,1.7857233314119034,1.5822917369089413,5.30625205212996
161,7.13026,1.9359617765242512,1.7838098184031075,1.5808811439872703,5.3006527389146285
162,7.16834,1.9336938305392324,1.7819051031552715,1.5794743532028546,5.295073286897359
163,7.20641,1.9314113619545235,1.7799827923855158,1.5780580570753007,5.28945221141534
164,7.24449,1.9290853255707423,1.77802749001216,1.5766113438497056,5.283724159432608
165,7.28257,1.9267665504868066,1.7760765865192845,1.575170333829993,5.278013470836084
166,7.32064,1.9244356732364618,1.7741124863849684,1.5737217195357704,5.272269879157201
167,7.35872,1.9220636486203273,1.7721153946470527,1.572242688143506,5.266421731410886
168,7.39679,1.9196940444374746,1.7701205023493771,1.570767458888497,5.2605820056753485
169,7.43487,1.9173220198213397,1.7681212111712217,1.5692903285648607,5.2547335595574225
170,7.47295,1.9148967456730062,1.7660801306285059,1.5677770779372997,5.248753954238811
171,7.51102,1.9124787328245179,1.7640412495260303,1.5662676294469942,5.242787611797542
172,7.5491,1.9100631404093114,1.7620067673040347,1.5647600820253162,5.236829989738662
173,7.58717,1.9075870371620605,1.7599194985162792,1.5632126121624588,5.230719147840798
174,7.62525,1.9051157747813734,1.7578366286090037,1.561667043368229,5.224619446758606
175,7.66333,1.9026493532672497,1.7557559581419682,1.5601252767112543,5.218530588120472
176,7.7014,1.9001369435207722,1.7536378971908526,1.5585511918876107,5.212326032599236
177,7.7394799999999995,1.8976172724744496,1.7515110384787775,1.5569733049267118,5.2061016158799385
178,7.77755,1.8951024422946905,1.749388578647182,1.5553973190344406,5.199888339976313
179,7.8156300000000005,1.8925561464822684,1.7472397255327066,1.5538004213872658,5.193596293402241
180,7.85371,1.8899832259037468,1.7450688780158312,1.5521864141224428,5.187238518042021
181,7.89178,1.8874175666250705,1.742902429379436,1.550576208994875,5.180896204999382
182,7.92986,1.8848373847467037,1.7407249835418408,1.5489564985241693,5.174518866812714
183,7.96794,1.8822160555025467,1.7385079477799255,1.5473082720240499,5.168032275306522
184,8.00601,1.8795947262583899,1.7362953108984902,1.54566004552393,5.16155008268081
185,8.04409,1.8769782378807964,1.7340870728975348,1.5440156211610656,5.155080931939397
186,8.08216,1.8743133408375676,1.73183264665154,1.5423369775629046,5.148482965052012
187,8.120239999999999,1.871643602927775,1.7295760209653048,1.5406545318274885,5.1418741557205685
188,8.15832,1.8689762854512646,1.7273215947193095,1.5389758882293274,5.135273768399902
189,8.19639,1.8662823432086544,1.7250473735111544,1.5372782339448905,5.1286079506646995
190,8.23447,1.8635617761999448,1.7227445595798794,1.53555966790555,5.1218660036853745
191,8.272540000000001,1.8608412091912352,1.7204439450888445,1.533844904003465,5.115130058283545
192,8.31062,1.8581230626158074,1.7181455300380495,1.5321301401013796,5.108398732755236
193,8.348700000000001,1.855349246074899,1.7157987273019744,1.5303773548267425,5.101525328203616
194,8.38677,1.8525778499672723,1.7134541240061394,1.5286245695521057,5.0946565435255176
195,8.424850000000001,1.8498088742929273,1.7111117201505446,1.5268755864147237,5.087796180858195
196,8.46293,1.847013273852483,1.7087451224523098,1.525107592591066,5.080865988895859
197,8.501,1.8441886282126572,1.7063543309114348,1.5233186870125048,5.0738616461365975
198,8.53908,1.8413664030061132,1.70396353937056,1.521531682502571,5.066861624879245
199,8.57715,1.8385441777995692,1.7015771467101652,1.5197465790612654,5.059867903571
200,8.61523,1.8356783847939537,1.6991467652449703,1.5179272563846626,5.052752406423586
201,8.65331,1.8328029100552108,1.6967141843395355,1.5161060326394324,5.045623127034179
202,8.691379999999999,1.8299322761830314,1.694281603434101,1.5142848088942022,5.038498688511335
203,8.72946,1.8270471197111617,1.6918380253274663,1.5124559808744618,5.03134112591309
204,8.76754,1.8241208158735016,1.6893570567367515,1.510594834688052,5.024072707298306
205,8.80561,1.8211945120358417,1.686876088146037,1.50873558957027,5.016806189752149
206,8.84369,1.8182682081981816,1.6843973189955623,1.5068782455211158,5.00954377271486
207,8.88176,1.815315279594422,1.6818943560024477,1.5049999897170578,5.002209625313927
208,8.91984,1.8123357262245632,1.679367199166693,1.5031046242953516,4.994807549686608
209,8.95792,1.8093585932879859,1.6768422417711788,1.501211159942273,4.9874119950014375
210,8.995989999999999,1.8063814603514088,1.674317284375664,1.4993157945205668,4.980014539247639
211,9.03407,1.8033607596157597,1.6717571359363095,1.4973938141380745,4.972511709690144
212,9.07214,1.8003279567137018,1.669183790855515,1.4954604273438166,4.964972174913034
213,9.11022,1.797295153811644,1.6666104457747208,1.4935270405495586,4.957432640135924
214,9.148299999999999,1.7942647713428679,1.6640371006939263,1.4915955548239284,4.949897426860723
215,9.18637,1.791178718908611,1.661419766808332,1.4896279487943738,4.942226434511317
216,9.224450000000001,1.7880926664743542,1.6587980340422575,1.4876565406275641,4.934547241144176
217,9.26253,1.7850041936068157,1.6561785007164231,1.4856851324607543,4.926867826783993
218,9.300600000000001,1.7819157207392768,1.653556767950349,1.4837137242939447,4.91918621298357
219,9.33868,1.7787691574729758,1.6508844480587546,1.4817023936859555,4.911355999217686
220,9.37675,1.7756250146399566,1.6482143276074004,1.4796929641465941,4.90353230639395
221,9.41483,1.7724808718069374,1.6455442071560462,1.477681633538605,4.895706712501589
222,9.45291,1.7693294676740727,1.6428674883839718,1.475668401861988,4.887865357920033
223,9.49098,1.766127234442291,1.640146780807098,1.4736171488128196,4.879891164062209
224,9.52906,1.7629225807772273,1.6374238737899838,1.4715658957636513,4.871912350330863
225,9.567129999999999,1.7597203475454455,1.6347031662131095,1.4695146427144827,4.863938156473038
226,9.60521,1.7565108530138185,1.6319758603155154,1.4674595875280592,4.855946300857393
227,9.64329,1.7532432680834287,1.6291979672924015,1.4653646099004562,4.847805845276286
228,9.68136,1.749975683153039,1.6264200742692874,1.4632696322728531,4.839665389695179
229,9.71944,1.7467080982226497,1.6236421812461734,1.4611727535766226,4.831523033045446
230,9.757520000000001,1.74344051329226,1.6208642882230595,1.4590777759490194,4.823382577464339
231,9.79559,1.7401075766632625,1.6180314091939456,1.4569371726743543,4.8150761585315625
232,9.83367,1.7367746400342654,1.6151963307245918,1.4547965693996894,4.806767540158546
233,9.871739999999999,1.7334417034052678,1.612361252255238,1.452655966125024,4.79845892178553
234,9.90982,1.7301063463429887,1.609526173785884,1.4505153628503589,4.790147882979231
235,9.947899999999999,1.726732262348201,1.6066559042726902,1.4483481446149076,4.781736311235799
236,9.98597,1.7233509170535684,1.6037812358790162,1.4461733221049458,4.77330547503753
237,10.024,1.7199695717589356,1.6009043680451025,1.4440004006636118,4.7648743404676495
238,10.062100000000001,1.7165882264643029,1.5980275002111888,1.4418274792222776,4.756443205897769
239,10.100200000000001,1.7131487907709078,1.5951022446919951,1.439614635339764,4.747865670802668
240,10.1383,1.7096778894448492,1.5921483964496814,1.4373808797023468,4.739207165596877
241,10.1764,1.7062069881187911,1.589194548207368,1.43514712406493,4.730548660391089
242,10.2144,1.702733666359451,1.5862385005248143,1.4329114673588854,4.7218836342431505
243,10.2525,1.6992240381008845,1.5832516606789007,1.430651096760682,4.713126795540467
244,10.2906,1.69564905814371,1.5802076353867471,1.4283470015840443,4.704203695114502
245,10.328700000000001,1.6920716577532537,1.5771636100945938,1.4260410053387789,4.695276273186627
246,10.366700000000002,1.6884918369295159,1.5741173853622006,1.4237350090935137,4.68634423138523
247,10.4048,1.6849095956724964,1.5710689611895672,1.4214271117796207,4.6774056686416845
248,10.4429,1.6812014918848244,1.5679105650049336,1.419033666377486,4.668145723267244
249,10.481,1.6774885472305894,1.5647499693800608,1.4166364188380967,4.658874935448747
250,10.519,1.6737731821430721,1.5615871743149474,1.4142391712987068,4.649599527756727
251,10.5571,1.6700553966222733,1.5584221798095943,1.4118400226906895,4.640317599122557
252,10.5952,1.666228691603795,1.5551626093739215,1.409368633474824,4.6307599344525405
253,10.633299999999998,1.6623221122870182,1.5518348562908086,1.406844014337386,4.621000982915213
254,10.671299999999999,1.6584106921036774,1.5485049037674559,1.4043155930626925,4.611231188933826
255,10.7094,1.654492010620492,1.545168352923383,1.4017852707193716,4.601445634263246
256,10.7475,1.6505394430713614,1.5418032093561902,1.39923213555252,4.591574787980072
257,10.7856,1.646289162228573,1.538182930721158,1.3964812892483986,4.58095338219813
258,10.8236,1.642026779219376,1.534553854325166,1.3937247397383945,4.570305373282936
259,10.8617,1.637754714477052,1.5309181796084539,1.390962487022508,4.559635381108014
260,10.899799999999999,1.6334729680016007,1.5272737071307816,1.3881964321693658,4.548943107301748
261,10.937899999999999,1.6286926122701046,1.5232025432465504,1.385101492443651,4.536996647960306
262,10.976,1.623447533348509,1.5187420784398402,1.3817061838747775,4.523895795663126
263,11.014,1.6181685683609683,1.5142508214697699,1.378289963551,4.510709353381738
264,11.052100000000001,1.6128508764409197,1.5097287723363395,1.3748547325409468,4.4974343813182065
265,11.090200000000001,1.6074920371550807,1.5051781304797893,1.3713985897759902,4.48406875741086
266,11.1283,1.5812860060133562,1.4829813795777573,1.3544885843335865,4.4187559699247005
267,11.1663,1.5464850162880661,1.4537464199077406,1.3324666053515963,4.3326980415474035
268,11.2044,1.5024960618251768,1.4172269141628593,1.30539538809473,4.225118364082766
269,11.2425,1.2420792246062538,1.186382464333918,1.1163797387280723,3.5448414276682443
270,11.2806,1.328817871691766,1.260815920935837,1.1744744949185626,3.7641082875461653
271,11.3186,1.3324824076803659,1.26404469920815,1.1771302877913044,3.7736573946798204
272,11.3567,1.3360113994051868,1.2671569071477433,1.1796910272326666,3.7828593337855967
273,11.3948,1.3394072672995099,1.270150345314377,1.182158614311277,3.791716226925164
274,11.4329,1.3426724317966179,1.2730338114690105,1.1845349500957632,3.8002411933613915
275,11.4709,1.3442892812288403,1.2744942397883674,1.18579916073311,3.8045826817503174
276,11.509,1.3435292651783644,1.2739113881247688,1.185460770517399,3.802901423820532
277,11.5471,1.3427595673947617,1.27331753925997,1.1851147760271779,3.80119188268191
278,11.5852,1.3419801878780315,1.2727170920744515,1.1847611772624462,3.7994584572149295
279,11.6232,1.3411911266281746,1.2721056476877328,1.1843999742232043,3.7976967485391118
280,11.661299999999999,1.3398332635571015,1.271005927567735,1.1836547553211896,3.7944939464460257
281,11.699399999999999,1.337976791229984,1.2694751171606984,1.1825711462034638,3.7900230545941462
282,11.7375,1.3361203189028663,1.2679465061939017,1.1814894381543657,3.785556263251134
283,11.7756,1.3342662670090306,1.266417895227105,1.1804077301052676,3.7810918923414034
284,11.813600000000001,1.3324122151151945,1.2648914837005483,1.1793260220561697,3.776629720871912
285,11.851700000000001,1.3302120412620655,1.2630659483013522,1.178010482565878,3.7712884721292954
286,11.8898,1.3277674036474778,1.2610292666391165,1.1765295501049862,3.7653262203915805
287,11.9279,1.3253227660328901,1.258994784417121,1.1750524197813497,3.759369970231361
288,11.9659,1.3228829692848658,1.2569647010756055,1.1735771905263406,3.7534248608868115
289,12.004,1.3204455929701235,1.2549368171743298,1.1721038623399591,3.7474862724844122
290,12.0421,1.3177516507275133,1.2526889892490545,1.1704594379770947,3.7409000779536625
291,12.080200000000001,1.3148568125225164,1.2502674055448197,1.1686800377416715,3.733804255809008
292,12.1182,1.3119619743175193,1.247850220721065,1.1669044396435033,3.726716634682088
293,12.1563,1.309071976979086,1.2454352353375502,1.1651326436825904,3.719639855999227
294,12.1944,1.3061868205072158,1.2430246488345154,1.1633627487903053,3.712574218132037
295,12.2325,1.3030862454732683,1.2404337082318009,1.161454075888206,3.7049740295932754
296,12.2705,1.2997291045114532,1.237622823605087,1.1593743068096236,3.696726234926164
297,12.3086,1.2963719635496385,1.234814138418613,1.157296438799669,3.6884825407679207
298,12.3467,1.293017243021105,1.2320054532321394,1.155224273995597,3.680246970248841
299,12.384799999999998,1.2896625224925717,1.2292011669261453,1.1531540102601525,3.67201769967887
300,12.422799999999999,1.2861141673014966,1.2262341220423918,1.1509582759952874,3.663306565339176
301,12.460899999999999,1.2820212146220236,1.222805194708239,1.1484108440343184,3.6532372533645807
302,12.499,1.277921000642705,1.2193740679338465,1.1458615110047214,3.643156579581273
303,12.5371,1.273815945796823,1.215940741719214,1.14331598011238,3.633072667628417
304,12.5752,1.2697060500843773,1.2125052160643413,1.1407685481514107,3.6229798143001295
305,12.6132,1.2655913135053682,1.2090674909692287,1.1382249183276967,3.6128837228022936
306,12.651299999999999,1.2558805351789069,1.2009229637605263,1.1321091805527432,3.5889126794921764
307,12.6894,1.2458962478916054,1.1925694897290244,1.1258508626307202,3.5643166002513498
308,12.7275,1.2356795990092537,1.184037861038083,1.1194803816596697,3.539197841707006
309,12.7655,1.22521364549888,1.1753214793669817,1.1129939355023364,3.513529060368198
310,12.803600000000001,1.2144838647607934,1.166411546954761,1.1063839198842096,3.4872793315997637
311,12.841700000000001,1.027294816048542,1.002953547198794,0.9751303396982142,3.00537870294555
312,12.8798,1.047316640155344,1.0199090320089172,0.9881602640717088,3.05538593623597
313,12.9178,1.0660023850906086,1.0357450017368832,1.0003480150431814,3.102095401870673
314,12.9559,1.0834464477523256,1.050538436791091,1.0117487236028322,3.145733608146249
315,12.994,1.0997262820055111,1.0643575198189814,1.0224156196722338,3.186499421496727
316,13.0321,1.1117921419151349,1.074622307419039,1.030369690810066,3.21678414014424
317,13.0701,1.1096863649599948,1.072900145711123,1.0291530068884092,3.2117395175595265
318,13.1082,1.107578167571573,1.0711779840032065,1.0279344218981246,3.206690573472904
319,13.1463,1.1054699701831514,1.0694558222952903,1.02671583690784,3.201641629386282
320,13.1844,1.1033593523614478,1.067731461147134,1.0254972519175556,3.1965880654261376
321,13.2224,1.1012463141064628,1.0660070999989777,1.0242767658586434,3.191530179964084
322,13.2605,1.0938397882642463,1.0598244734843512,1.0196666744367402,3.1733309361853377
323,13.2986,1.083473072518425,1.0511674766997299,1.0131878325539172,3.147828381772072
324,13.3367,1.072893358643808,1.0423521202178287,1.0066139372397147,3.1218594161013513
325,13.3747,1.06209338534055,1.0333762045984083,0.9999354831509946,3.095405073089953
326,13.412799999999999,1.0510586300089604,1.024226533200028,0.9931524702877574,3.068437633496746
327,13.450899999999999,1.0288269503159024,1.0028127830234344,0.9736779232667363,3.0053176566060733
328,13.489,1.0280959794648077,1.0022607235231955,0.9733585437373012,3.0037152467253043
329,13.5271,1.0273553268805862,1.0016976668217565,0.9730296588647284,3.002082652567071
330,13.565100000000001,1.0266001516966738,1.0011236129191179,0.97268936758039,3.000413132196182
331,13.603200000000001,1.0258328743463527,1.0005363623750392,0.9723376698842859,2.9987069066056775
332,13.6413,1.0250534948296228,0.9999381146297605,0.9719764668450442,2.9969680763044275
333,13.6794,1.0237319382577763,0.9988845827548027,0.9712673682469534,2.9938838892595325
334,13.7174,1.0212776189100614,0.9968764938156871,0.9698301603644962,2.987984273090245
335,13.7555,1.018820879129065,0.9948662054363314,0.968392952482039,2.9820800370474356
336,13.7936,1.0163641393480682,0.9928581164972157,0.9669557445995818,2.9761780004448655
337,13.831700000000001,1.0139025587005082,0.99084562867762,0.9655185367171244,2.9702667240952527
338,13.8697,1.011438557619666,0.9888353402982645,0.9640813288346672,2.964355226752598
339,13.9078,1.008744615377056,0.9866293017375491,0.962495837599258,2.9578697547138635
340,13.9459,1.005830413705805,0.9842407096369143,0.9607715683540349,2.9508426916967543
341,13.984,1.0029113711679902,0.9818499180960395,0.9590492001774393,2.943810489441469
342,14.022,0.9999923286301755,0.9794591265551646,0.9573268320008439,2.936778287186184
343,14.0601,0.9970684452257973,0.9770661355740499,0.9556025627556205,2.9297371435554678
344,14.0982,0.9941397209548555,0.974675344033175,0.9538820956476527,2.9226971606356833
345,14.136299999999999,0.9910415663541897,0.9721393894364605,0.9520513665592845,2.915232322349935
346,14.174299999999999,0.9878320718225626,0.9695132577899063,0.9501560011375783,2.9075013307500472
347,14.212399999999999,0.9846201568576539,0.9668871261433518,0.9482587346472445,2.89976601764825
348,14.2505,0.9814009805928997,0.9642587950565575,0.9463633692255384,2.8920231448749956
349,14.2886,0.978176963461582,0.9616282645295232,0.9444699048724597,2.884275132863565
350,14.3267,0.9749505258969824,0.9589977340024889,0.9425745394507536,2.8765227993502247
351,14.364700000000001,0.9715909645018855,0.9562594309036948,0.9406012302153164,2.8684516256208967
352,14.4028,0.9681491083752085,0.9534551445977009,0.9385784931955617,2.860182746168471
353,14.4409,0.9647024113819679,0.950648658851467,0.9365576572444346,2.8519087274778694
354,14.479,0.9612460326556003,0.947837774224753,0.9345349202246801,2.8436187271050333
355,14.517,0.9577848130626692,0.9450268895980392,0.932514084273553,2.8353257869342614
356,14.5551,0.9543139117366108,0.9422116060908452,0.9304951493910535,2.8270206672185094
357,14.593200000000001,0.9507486135125636,0.9393193421752514,0.9284172813810989,2.8184852370689137
358,14.6313,0.9470961796903724,0.9363588956122177,0.9262899855868267,2.8097450608894166
359,14.6693,0.9434340641350544,0.9333940501687041,0.9241645908611823,2.800992705164941
360,14.7074,0.9397598464133274,0.9304248058447107,0.9220372950669103,2.7922219473249483
361,14.7455,0.9360783673917551,0.927451162640237,0.9199119003412659,2.7834414303732578
362,14.7836,0.9323847862037741,0.9244753199955235,0.917784604546994,2.7746447107462915
363,14.8216,0.9286331146170305,0.9214554885460099,0.915628792723308,2.765717395886348
364,14.8597,0.9247773643991707,0.9183498789271367,0.9134121467035393,2.7565393900298467
365,14.8978,0.9209070915816203,0.9152398704277834,0.9111955006837706,2.747342462693174
366,14.9359,0.9170222961643795,0.9121254630479502,0.9089769535953743,2.738124712807704
367,14.9739,0.9131253985807296,0.9090044573473969,0.9067603075756057,2.728890163503732
368,15.012,0.909216398830671,0.9058768533261236,0.9045417604872094,2.719635012644004
369,15.0501,0.9052856151810764,0.9027404515438904,0.9023213123301854,2.710347379055152
370,15.0882,0.9012168668344208,0.8994940777496574,0.9000210192908028,2.700731963874881
371,15.126299999999999,0.897131175454793,0.8962411056347045,0.8977207262514203,2.691093007340918
372,15.164299999999999,0.8930285410421928,0.8929793357587915,0.89541853214341,2.6814264089443944
373,15.202399999999999,0.8889065431633383,0.8897109675621585,0.8931163380353999,2.671733848760897
374,15.2405,0.8847676022515115,0.8864360010448056,0.8908141439273897,2.662017747223707
375,15.2786,0.8806092978734306,0.8831522367664927,0.8885100487507519,2.652271583390675
376,15.316600000000001,0.8763541761640788,0.8797958909602599,0.8861565257897968,2.6423065929141356
377,15.354700000000001,0.8720385436226827,0.8763977557894672,0.883778288936683,2.632214588348833
378,15.3928,0.8677011271817507,0.8729886234174746,0.881396249946314,2.6220860005455395
379,15.4309,0.8633395064080012,0.869570693284522,0.8790142109559451,2.6119244106484683
380,15.4689,0.8589536813014338,0.8661417659503694,0.8766321719655762,2.6017276192173795
381,15.507,0.8545412314287669,0.8627018414150168,0.874246330837952,2.5914894036817357
382,15.5451,0.8500876341903101,0.8592355235967843,0.8718490832985625,2.581172241085657
383,15.583200000000001,0.8455130152877646,0.855683427609192,0.8693929026317175,2.570589345528674
384,15.6212,0.8409117716191198,0.8521181349801598,0.8669348208962451,2.5599647274955246
385,15.6593,0.8362790623178118,0.8485396457096874,0.8644729370235174,2.5492916450510164
386,15.6974,0.8316148873838409,0.8449479597977751,0.8620110531507896,2.5385739003324055
387,15.7355,0.8269192468172069,0.841340877804183,0.8595453671408068,2.5278054917621966
388,15.7735,0.8221897201846283,0.8377205991691509,0.8570777800621964,2.5169880994159755
389,15.8116,0.8173682170873423,0.8340365367671587,0.8545721716110342,2.505976925465535
390,15.8497,0.8124619988251944,0.8302996877994068,0.8520361460618304,2.494797832686432
391,15.887799999999999,0.8075170536305382,0.826545243309735,0.8494963183753718,2.483558615315645
392,15.9259,0.8025333815033736,0.8227732032981431,0.8469545896202852,2.472261174421802
393,15.963899999999999,0.7975061415771371,0.8189813683243913,0.8444071576593161,2.4608946675608445
394,16.002,0.7924353338518288,0.8151719378287194,0.8418578246297194,2.4494650963102678
395,16.0401,0.7873209583274486,0.8113449118111278,0.8393065905314949,2.4379724606700712
396,16.078200000000002,0.7820734589725712,0.8074277087436962,0.836698324374443,2.4261994920907104
397,16.1162,0.7767630283523677,0.8034753146324247,0.8340767507369978,2.41431509372179
398,16.1543,0.7714017686332469,0.7995009261187533,0.8314513749622976,2.4023540697142978
399,16.1924,0.7659848389486457,0.7955045432026819,0.828822197050342,2.3903115792016694
400,16.2305,0.7605098188652817,0.7914817670037307,0.8261892170011312,2.3781808028701437
401,16.2685,0.754979128816437,0.7874347969621394,0.8235505337460378,2.365964459524614
402,16.3066,0.7493855075022664,0.7833592341974283,0.8209061472850616,2.353650888984756
403,16.3447,0.7436369784580625,0.7791824971816773,0.8182009266280026,2.341020402267742
404,16.3828,0.7378206772819691,0.7749771674428063,0.8154900027650608,2.328287847489836
405,16.4208,0.731936603973986,0.7707410455405755,0.8127733756962362,2.315451025210798
406,16.4589,0.7259823381008317,0.7664741314749847,0.8100529464901564,2.3025094160659725
407,16.497,0.7199530387959424,0.7621742258057939,0.8073249130095663,2.2894521776113024
408,16.5351,0.7138462856260366,0.7578413285330033,0.8045892752544658,2.2762768894135057
409,16.5731,0.7076499764247052,0.7534644424554128,0.8018441321562274,2.2629585510363452
410,16.6112,0.7012866573269317,0.7489863821267824,0.7990419569991614,2.249314996452876
411,16.6493,0.6948386230642962,0.7444687318738321,0.7962321775675848,2.235539532505713
412,16.6874,0.6883010327702352,0.7399114916965621,0.793414793861498,2.2216273183282955
413,16.7255,0.6816690455781854,0.735312462154732,0.7905898058809009,2.207571313613818
414,16.7635,0.6749426614881463,0.730669443808102,0.7877572136257934,2.193369318922042
415,16.801599999999997,0.6681170396335547,0.7259824366566721,0.7849151160275479,2.179014592317775
416,16.8397,0.6611824982812835,0.7212448423797223,0.782061612017537,2.1644889526785427
417,16.8778,0.6540591631330342,0.7163884783298129,0.7791510759486983,2.1495987174115454
418,16.9158,0.646829328920387,0.7114815271543835,0.7762291334680941,2.1345399895428647
419,16.9539,0.6394857343434966,0.7065217894131942,0.773297685644352,2.119305209401043
420,16.992,0.6320283794023631,0.701507065666005,0.7703567324774718,2.10389217754584
421,17.030099999999997,0.6244572640969863,0.696432957032336,0.7674043728988261,2.0882945940281483
422,17.068099999999998,0.616765127127521,0.6912994635121871,0.7644425079770427,2.072507098616751
423,17.1062,0.6089543889272491,0.6861043856653182,0.7614692366434935,2.0565280112360607
424,17.144299999999998,0.6009451751978718,0.6807795408442898,0.7584351311138615,2.040159847156023
425,17.1824,0.592807678504561,0.6753799150551014,0.7553858170352089,2.0235734105948713
426,17.2204,0.5845467397138797,0.6699077077379932,0.7523231954761632,2.006777642928036
427,17.2585,0.5761671996923917,0.6643629188929652,0.7492491675053519,1.9897792860907086
428,17.296599999999998,0.567669058440097,0.6587411496395373,0.7461580299168923,1.9725682379965268
429,17.3347,0.5590547363902774,0.6530423999777096,0.743055485916667,1.955152622284654
430,17.372700000000002,0.5503290744094962,0.6472578721465222,0.7399358322987937,1.937522778854812
431,17.4108,0.5414436638321184,0.641343577341175,0.7367705530338581,1.9195577942071513
432,17.448900000000002,0.5324323907240884,0.635314911643348,0.7335691534649983,1.9013164558324345
433,17.487,0.5233267207180694,0.6291938694554411,0.7303525453471179,1.8828731355206285
434,17.5251,0.5141363355471884,0.6229760518969746,0.7271169265429615,1.8642293139871247
435,17.5631,0.5048733373778544,0.6166592595277082,0.7238641981211569,1.8453967950267194
436,17.601200000000002,0.49554982837647615,0.6102412929074021,0.7205924590130762,1.8263835802969544
437,17.6393,0.48617549027618073,0.6037155537153363,0.7172998081500922,1.8071908521416091
438,17.677400000000002,0.47674790264368627,0.5970666458698306,0.7139767401890668,1.7877912887025835
439,17.715400000000002,0.46725012244602054,0.5902549794465652,0.710594739100586,1.7680998409931719
440,17.7535,0.45774992181507307,0.5833289421308202,0.7071918262572019,1.7482706902030951
441,17.7916,0.4482618233505344,0.5762863344823554,0.703764199521659,1.728312357354549
442,17.8297,0.438802770085377,0.5691249570609309,0.7003156610312126,1.7082433881775203
443,17.8677,0.4293921254858549,0.5618448098665466,0.6968405075799801,1.6880774429323817
444,17.9058,0.4200419917183772,0.5544414940187226,0.6933387391679612,1.667822224905061
445,17.943900000000003,0.41077173224919783,0.5469172089576988,0.6898122568637837,1.6475011980706804
446,17.982,0.40155230187893565,0.5392213675579555,0.6862192371576407,1.6269929065945319
447,18.02,0.392432109273226,0.5313891608633324,0.6825862950103182,1.6064075651468768
448,18.0581,0.3834353587648867,0.5234381843957495,0.6789229357649542,1.5857964789255905
449,18.0962,0.3745765729536083,0.5153728370356869,0.6752272583529215,1.5651766683422168
450,18.1343,0.3658630131392361,0.5071931187831447,0.6714992627742195,1.5445553946966002
451,18.1723,0.35730920192146065,0.49891002683932256,0.667737047960221,1.5239562767210044
452,18.2104,0.3489175597335638,0.4905279600847006,0.6639387128422983,1.5033842326605629
453,18.2485,0.3406929274421091,0.48204691851927894,0.6600985542145686,1.4828384001759567
454,18.2866,0.33261352114756065,0.47343391053945755,0.6561766496358528,1.462224081322871
455,18.3246,0.32471564734914493,0.46475052047195625,0.6522148226159573,1.4416809904370584
456,18.3627,0.3170041469134255,0.4560099449582151,0.648211172086255,1.4212252639578957
457,18.4008,0.3094790198404024,0.4472231811994341,0.6441618959094906,1.4008640969493271
458,18.4389,0.3021426865633573,0.4384100241577732,0.640066994085664,1.3806197048067945
459,18.477,0.2949951470822903,0.4295814710344322,0.6359245655461477,1.3605011836628704
460,18.515,0.2880339809639196,0.4207529179110913,0.6317327092223141,1.340519608097325
461,18.553099999999997,0.2812495064751181,0.4119265642279904,0.6274724144278873,1.3206484851309956
462,18.5912,0.2746320418827587,0.4031068088656094,0.623126571545219,1.3008654222935871
463,18.6293,0.26819368935325033,0.3943376406287484,0.6187236966037231,1.2812550265857219
464,18.6673,0.2619368693198747,0.38564105391980713,0.6142618885347718,1.2618398117744536
465,18.7054,0.25585432048278656,0.37702804593998573,0.6097392462697377,1.24262161269251
466,18.7435,0.24994362240870405,0.36851401277096413,0.6051519676713656,1.2236096028510337
467,18.781599999999997,0.2441975137977819,0.3601121510541823,0.6004962506024003,1.2048059154543647
468,18.819599999999998,0.2386162366933483,0.35183785687132013,0.5957720950628418,1.1862261886275103
469,18.8577,0.2331833321490872,0.3436801330211778,0.5909490839546486,1.1678125491249136
470,18.895799999999998,0.22789637973171686,0.3356499767049551,0.5860272172778209,1.149573573714493
471,18.9339,0.22276046235112898,0.3277759806457721,0.5810255057186344,1.1315619487155355
472,18.9719,0.21777073914076,0.3200669426045888,0.5759420482084615,1.1137797299538104
473,19.01,0.21292309536403092,0.31252286258140505,0.5707711415414196,1.0962170994868556
474,19.048099999999998,0.20821293219770637,0.305150338896941,0.5655108846488811,1.0788741557435286
475,19.0862,0.20363613490520732,0.29795377043167653,0.5601574753935907,1.0617473807304747
476,19.124200000000002,0.19918834670662666,0.2909331571856117,0.5547071116382932,1.0448286155305315
477,19.1623,0.19485867565219636,0.2840753025173065,0.5491331784222023,1.0280671565917052
478,19.200400000000002,0.19064421722197833,0.27738240586700097,0.5434337746766909,1.0114603977656702
479,19.2385,0.1865473918492543,0.27086766387613503,0.5376241089507791,0.9950391646761684
480,19.2766,0.1825643268407735,0.2645288771044687,0.5317060823130946,0.9787992862583368
481,19.3146,0.1786913915466132,0.258361646671522,0.5256720904891273,0.9627251287072626
482,19.352700000000002,0.17492471327352263,0.252365972577295,0.5195221334788771,0.9468128193296947
483,19.3908,0.17126066137157914,0.24653525650106756,0.5132524091450889,0.9310483270177355
484,19.428900000000002,0.16769608927751634,0.2408694984428398,0.5068629174877625,0.9154285052081186
485,19.466900000000003,0.16422421977814533,0.23535770120141172,0.5003308456833667,0.8999127666629237
486,19.505,0.16083996996357444,0.22999106701582328,0.49364478732013645,0.8844758242995341
487,19.5431,0.15754600231041355,0.22477839364703456,0.4868332584274853,0.8691576543849334
488,19.5812,0.15433941229872458,0.2197150622705415,0.4798981600740409,0.8539526346433071
489,19.6192,0.15121729540856937,0.2147955742857441,0.4728394922598032,0.8388523619541166
490,19.6573,0.1481767471200098,0.21001663053228242,0.46565915605339975,0.8238525337056919
491,19.695400000000003,0.1452155890430923,0.20537361218565245,0.4583628546607134,0.8089520558894582
492,19.7335,0.1423304325712224,0.20086278019744622,0.4509524891503718,0.7941457019190404
493,19.7715,0.1395188572711183,0.19647863596706366,0.4434318616596299,0.7794293548978118
494,19.8096,0.13677311775627835,0.1922079828530649,0.43577815936495684,0.7647592599743
495,19.8477,0.13409708671995335,0.18805807900824187,0.4280351068447871,0.7501902725729823
496,19.8858,0.13148834372886156,0.18402452555211457,0.42021601157951377,0.7357288808604898
497,19.9238,0.1289449524363776,0.18010402332432301,0.4123322799809025,0.7213812557416031
498,19.9619,0.1264647344525478,0.17629217344438725,0.40439912059797384,0.7071560284949089
499,20.0,0.1240457534307468,0.17258589669597127,0.39642984091112105,0.6930614910378391
