,EPDL97 Energy [keV],S1 EPDL97 EA [cm^2],S2 EPDL97 EA [cm^2],S3 EPDL97 EA [cm^2],S4 EPDL97 EA [cm^2],S5 EPDL97 EA [cm^2],S6 EPDL97 EA [cm^2],S7 EPDL97 EA [cm^2]
0,1.0,4.650982837147822,4.214367121082186,3.8047382367866276,3.4212172800255183,3.0628841947772223,2.827479137081739,2.5123894230860806
1,1.03808,4.649371765614027,4.213053690922421,3.803683536894377,3.4203748375411474,3.0622208069861303,2.826906965115877,2.511943997815417
2,1.0761500000000002,4.648598852790959,4.212469440954801,3.8032478114562656,3.420057554008072,3.061999677722433,2.8267332165607986,2.511832641497751
3,1.11423,4.64865406084975,4.212596254901261,3.803422916071581,3.4202654294262937,3.062224058887067,2.826951900087018,2.5120500514512893
4,1.1522999999999999,4.646686646391034,4.210992964292445,3.8021238841579597,3.419222405398025,3.061391572247266,2.826235936213505,2.511490618522063
5,1.1903800000000002,4.642796987703521,4.207732034240614,3.7994117987207434,3.4169831859806923,3.05956075201989,2.8246272642466574,2.5101914614826284
6,1.22846,4.6394895230905275,4.204978359974624,3.7971354387216385,3.4151159541538614,3.05804211428244,2.823294193436141,2.5091256224421126
7,1.26653,4.636764252552051,4.202731941494474,3.795294804160645,3.4136207099175313,3.0568389109358516,2.8222457107761847,2.5082957527414123
8,1.3046099999999998,4.634636232831399,4.200997307869681,3.7938898950377626,3.4124974532717034,3.0559511419801257,2.821478820602045,2.507699201039631
9,1.3426900000000002,4.633105463928572,4.199774459100245,3.7929329279540602,3.4117534780907004,3.055382059316199,2.8209995142432076,2.507341270018562
10,1.38076,4.630836914603726,4.19792659873754,3.791438430423342,3.410557282701637,3.0544325042426754,2.8201816977684415,2.5067075995442254
11,1.4188399999999999,4.625040068430723,4.193048790868343,3.787358085666449,3.407172925015505,3.051645625139903,2.8177252526794008,2.5047111398489306
12,1.4569100000000001,4.619599565182641,4.188478959726265,3.783546506133064,3.4040146774334046,3.0490538600933337,2.815442556145438,2.502863155243857
13,1.49499,4.6145354805172225,4.1842352215893674,3.7800159084242555,3.4010971277039808,3.0466637129048415,2.8133395994960395,2.5011636457290045
14,1.53307,4.609847814434465,4.180317576457655,3.7767662925400236,3.3984202758272346,3.0444784354753627,2.8114223740606903,2.499620565327063
15,1.5711400000000002,4.605551623677677,4.17674414060919,3.773809875081436,3.395995062614651,3.0425077835077077,2.8096938755041334,2.4982365653789307
16,1.60922,4.601661964990165,4.173514914043975,3.7711548004492066,3.393828781940554,3.0407517570018765,2.808163090820597,2.4970169485664
17,1.64729,4.595282924742644,4.168157024806036,3.76668352445812,3.390123493784186,3.0377079777251024,2.8054789752111082,2.494842849031019
18,1.6853699999999998,4.588542522655768,4.1624911588409805,3.761947555443882,3.3861993893981115,3.034482091995872,2.8026360893702544,2.492536182450798
19,1.7234500000000001,4.579167190490255,4.154560758117709,3.755289507861527,3.380645104100721,3.0298839040713434,2.7985709723143657,2.489216703647997
20,1.76152,4.56989223661345,4.146725467854282,3.748708832085939,3.375156463672243,3.0253442503636765,2.7945567815591037,2.4859422976404417
21,1.7995999999999999,4.5599547860311604,4.138319514831786,3.741643564467966,3.369263013218807,3.02046639895859,2.790243024329568,2.4824213169294835
22,1.83768,4.5443710567089335,4.125067457426708,3.7304490856888255,3.359872150027225,3.0126488291067046,2.7833110561148837,2.476723585342248
23,1.87575,4.528360719659689,4.111457603529831,3.718953264083328,3.350226001234318,3.0046198856939323,2.7761873653566647,2.470874727323894
24,1.91383,4.507175881827444,4.093404732437336,3.7036662239462257,3.3373741946762068,2.993891864503679,2.766661151474774,2.463032060951142
25,1.9519000000000002,4.476244312161458,4.066986669947991,3.6812446887850956,3.3184757663038655,2.978084374050262,2.752602496837128,2.4514297931867195
26,1.98998,4.419861827393053,4.018711317972349,3.6401684037923023,3.2837605714608857,2.9489766087656424,2.7266810098182592,2.429977793990663
27,2.02806,4.112031729406103,3.7537335768440117,3.413513804167648,3.091235111753382,2.786703500122162,2.5817896932064923,2.3094770015717323
28,2.0661300000000002,3.6567710198763437,3.3588938254710365,3.073305897610899,2.8001949384947276,2.539685853067646,2.360440025365951,2.1241615295894856
29,2.10421,3.7133743368799115,3.4080251715852845,3.115689358918026,2.836503844877405,2.570552896759033,2.3881259589182893,2.147387275845505
30,2.1422800000000004,3.6855996643938553,3.3838444694370575,3.094778610089039,2.8185572671042878,2.555278718059239,2.3744177970555436,2.135885759035161
31,2.1803600000000003,3.7486121351315562,3.438659797794427,3.142162733433556,2.8592242633952916,2.5899082111344165,2.4055068057556266,2.162001466868699
32,2.21844,3.783302871709731,3.468913982164189,3.168367342725578,2.8817623350550887,2.609139953274204,2.422788795656453,2.1765467230285758
33,2.25651,3.8056721733487544,3.488465975266623,3.185344346010495,2.8964011408224724,2.6216597718805925,2.434052495089129,2.186049128802728
34,2.2945900000000004,3.8205683113933175,3.501532340821528,3.196738362607088,2.906258811970762,2.6301179662170124,2.4416764618593843,2.192502492545554
35,2.3326700000000002,3.83469655552925,3.5139374622270334,3.2075541267531036,2.9156204996650503,2.638156665332595,2.4489229748720556,2.1986376953807625
36,2.3707399999999996,3.8479665652967117,3.5255998162318445,3.217726483242843,2.9244351467850715,2.645730342614226,2.4557530904854867,2.204422921217593
37,2.40882,3.859675692674733,3.5359215656597915,3.2267667680335634,2.9322906494315446,2.652500800364486,2.4618672422254053,2.2096168980344357
38,2.44689,3.8714350091971093,3.546288605782903,3.2358437026274904,2.9401753275753117,2.65929727332224,2.4680053592832647,2.2148320855784527
39,2.4849699999999997,3.867189007584676,3.5427966931857346,3.232993162378164,2.937874110226229,2.657453445491117,2.4664056743106455,2.21357269865247
40,2.52305,3.828949898500603,3.5097978926890154,3.204703586503777,2.913789737209837,2.6371095532309696,2.448221989322256,2.198422936768121
41,2.56112,3.8003822375337375,3.4851280510330134,3.1835322168519946,2.895755632944837,2.62187114544148,2.4345977060723065,2.187067243707102
42,2.5991999999999997,3.8364883079827234,3.516609613241728,3.210807814837692,2.919216379706565,2.6418898476079544,2.452586672852418,2.2022064002278636
43,2.63727,3.8584912288679547,3.535871745895111,3.2275608471030184,2.9336764855530206,2.654269834474064,2.4637335413601273,2.211618660411524
44,2.67535,3.876283280541802,3.5514834485182503,3.2411619962926617,2.9454415048369214,2.6643637349816562,2.472828379519065,2.2193128516940552
45,2.71343,3.8855080452742508,3.559676535273475,3.248386079724526,2.951754353063962,2.6698399361591,2.477789200333031,2.2235496944471507
46,2.7515,3.8950740961883135,3.568164011547267,3.2558585673781177,2.9582860175207086,2.6754949918880637,2.482911787043104,2.227921755585984
47,2.78958,3.9029537918520485,3.575188598367252,3.2620808895223616,2.963745482451893,2.680246019156618,2.487222548607897,2.2316150734552345
48,2.82766,3.9054582301553626,3.5775663598633787,3.264304310916836,2.965798708073975,2.682109358393361,2.4889480514997113,2.2331501998344847
49,2.86573,3.902968848595355,3.57562338904083,3.2628016689854054,2.9646645106166614,2.681270367951686,2.48825605294414,2.2326623531094723
50,2.90381,3.884715056793442,3.559998099209141,3.2495181514235445,2.9534501788441894,2.671878878046426,2.479898148311915,2.225755610073293
51,2.9418800000000003,3.8845895839325544,3.5600750933909207,3.2497421224431347,2.9537747562515877,2.6722691061588333,2.480299567387441,2.2261745219349884
52,2.97996,3.894958661156297,3.569260046370243,3.2578254401501527,2.960827932722469,2.678369672316128,2.4858235731730405,2.2308859547086124
53,3.01804,3.898863376587116,3.5728561275662902,3.2610994892365217,2.9637783048863486,2.6810004601739377,2.4882380789556837,2.232999073403367
54,3.0561100000000003,3.9030290755685813,3.576678662238158,3.264569003939988,2.9668964361596704,2.6837710797720273,2.490781398322264,2.2352208970748904
55,3.09419,3.903882291022616,3.5776388249756415,3.265587054029033,2.9679248724392924,2.684775917161475,2.4917400110399384,2.2361197016389074
56,3.13226,3.8998420649020384,3.5743597786457455,3.2629482681982283,2.965827883571269,2.683133707188429,2.490332048610854,2.2350379545530106
57,3.17034,3.8949686989851684,3.570347023054187,3.259678291312215,2.963183854128979,2.6810167196786217,2.4884957061235586,2.233598276446045
58,3.2084200000000003,3.8935884975154056,3.5693551568300883,3.258998233852733,2.9627535155438887,2.680779330910241,2.4883429272216793,2.2335611576734897
59,3.2464899999999997,3.8978846882721934,3.5732999763789,3.262577697965815,2.9659664671834167,2.6836344999326847,2.4909611382068277,2.2358466135265362
60,3.28457,3.8997818379288125,3.57516595301967,3.2643776105232476,2.967669586837968,2.685211671886996,2.492438000924995,2.2371828893385266
61,3.32265,3.9018797441628514,3.5772130924410974,3.2663322666942136,2.969500349293181,2.6869026603740926,2.4940167162444156,2.2386040080592147
62,3.3607199999999997,3.904173388059875,3.579427807434632,3.2684335220780034,2.9714624014862188,2.688704213493038,2.495694288500346,2.2401073183477034
63,3.3988,3.905919970283429,3.5811760282679743,3.270135701826886,2.97308528852321,2.6902195993295512,2.4971172292531443,2.241401172705345
64,3.43687,3.906612580475528,3.5820139061285143,3.2710560191073834,2.974044432996758,2.6911756582049486,2.498039893993906,2.2422761152012907
65,3.4749499999999998,3.9075210039883532,3.583037475839228,3.2721432966024837,2.975142161082454,2.6922487855140673,2.499070402665406,2.243243854628625
66,3.51303,3.90864022190747,3.584246737400115,3.273389389911475,2.9763784727802975,2.693445485058782,2.500205759602902,2.2443017396464504
67,3.5511,3.9099702342328775,3.585641690811176,3.2747942990343573,2.9777533680902883,2.694756001136282,2.501451956135879,2.2454497702547673
68,3.58918,3.910697976826025,3.5865203302973634,3.275759410518772,2.978759922746939,2.695754334723856,2.5024135645182963,2.2463644828641653
69,3.62725,3.911295227643849,3.5872857430456406,3.2766308613949944,2.9796825978488695,2.696687630292696,2.5033182552706017,2.247231471337421
70,3.66533,3.9121082917824,3.5882413767136074,3.2776692724858205,2.980747503500109,2.6977412461961947,2.504333785618388,2.2481912567420643
71,3.70341,3.9131371692416774,3.5893872313012647,3.278870571590894,2.981954639700658,2.698918434335289,2.505460155561656,2.2492438390780967
72,3.74148,3.9143818600216815,3.590718777739095,3.2802347587102143,2.983304006450517,2.700215942809042,2.5066913737709187,2.25038656700462
73,3.77956,3.912851091118854,3.5896499173332175,3.279530268048595,2.982888255614074,2.700017576851902,2.506589521169666,2.250413080413588
74,3.81764,3.910386804131024,3.5877748825534153,3.2781375755267814,2.9818853478945844,2.6993249219523796,2.5060413145217457,2.2500710574379
75,3.85571,3.908068065661823,3.586026661720073,3.2768548324145845,2.980977260541301,2.6987103126753387,2.505565003827651,2.2497900153028385
76,3.89379,3.9058848378823803,3.584400725763674,3.2756779665116484,2.9801603466170627,2.6981802528226524,2.505163584752125,2.2495699540084035
77,3.93186,3.903842139707132,3.582897074684219,3.274611050018329,2.9794418999961922,2.697728238592448,2.504837057295167,2.249413524895492
78,3.9699400000000002,3.9019399711360774,3.581515708481707,3.2736500107342703,2.9788109798672044,2.697357521885661,2.504579430127292,2.249318076623207
79,4.00802,3.900178332169217,3.5802566271561393,3.2727989208598287,2.9782785270415846,2.6970681027022927,2.5043936989132427,2.2492836091915485
80,4.04609,3.89820087988163,3.578816383049914,3.2717890151714957,2.9776111375409786,2.696664866986139,2.5041121064274257,2.249169601532986
81,4.08417,3.896002595358881,3.577190447093515,3.270624365869628,2.976812458302549,2.6961575704400103,2.5037346526698414,2.248976053647519
82,4.12224,3.8939498593547617,3.5756867960140597,3.2695696659773774,2.9761122463674874,2.695728319516362,2.5034290948660827,2.248843486602679
83,4.16032,3.8920426718692718,3.5743144879505806,3.2686208432943875,2.9755032078614705,2.6953836180170696,2.503198428680892,2.248774551739362
84,4.1983999999999995,3.8902760139879757,3.573064464764046,3.2677860422213705,2.974992636658821,2.695116962140258,2.50304265411427,2.248769249057568
85,4.236470000000001,3.888649885710874,3.5719412555239707,3.2670611905579703,2.9745732388852164,2.6949348556878014,2.5029587755014737,2.2488249272164014
86,4.2745500000000005,3.8871693059524013,3.5709448602303557,3.2664422161038305,2.97425230841498,2.6948340467587633,2.5029497885072454,2.2489442375567577
87,4.31262,3.885834274712558,3.5700707498136848,3.265937263259665,2.9740261983109497,2.6948145353531427,2.5030126974668425,2.2491245287377404
88,4.3507,3.8829734934843234,3.567878680167732,3.264296166516124,2.9728336498590475,2.6939787968124045,2.5023476598939562,2.2486950115124578
89,4.38878,3.8788680214760847,3.564613221046385,3.261734752492086,2.970857009917363,2.6924796704805747,2.5010864850372654,2.247772344880369
90,4.42685,3.8748579088421202,3.56143381424585,3.2592466380744596,2.968942367907429,2.6910358264646694,2.4998762364812013,2.2468920997026296
91,4.464930000000001,3.870938136667995,3.558335930696611,3.2568318232632447,2.9670897238292446,2.6896440128637513,2.498716914225764,2.246054275979239
92,4.503010000000001,3.8671137238681434,3.5553195703986678,3.254490308058441,2.965302724619973,2.6883107334796943,2.49760552260621,2.2452588737101973
93,4.54108,3.8633846704425676,3.5523892624215363,3.2522220924600482,2.9635813702796128,2.687032736411562,2.4965450572872823,2.2445058928955044
94,4.57916,3.859750976391265,3.5495359486261844,3.2500271764680666,2.961922013871003,2.6858067697584165,2.4955355182689813,2.2437953335351604
95,4.617229999999999,3.8562076227998023,3.5467732162211614,3.247901487882141,2.960324655394144,2.6846360854211957,2.494573909886564,2.243127195629165
96,4.65531,3.8527596285826142,3.5440874779979175,3.245853171102982,2.958792941786196,2.683523935300836,2.493663227804773,2.242501479177519
97,4.69339,3.8494019748252644,3.541487792095486,3.2438740817298783,2.9573232261099993,2.682463815595464,2.492800476358866,2.241918184180222
98,4.73146,3.846144699356625,3.5389696294443502,3.2419682919631856,2.9559191553027144,2.6814589782060163,2.4919886512135854,2.2413773106372736
99,4.76954,3.8425913079362917,3.5362068970393272,3.2398548199783277,2.9543363845745017,2.680304553373479,2.4910450168196245,2.240727732117556
100,4.80762,3.839073048917006,3.533466809981886,3.2377657811956073,2.95277549546926,2.6791761437484354,2.490122352078863,2.240096712984116
101,4.845689999999999,3.835650149271995,3.5308173043147737,3.2357541142196538,2.951283898170092,2.6780997645383797,2.489250613638727,2.2395081153050254
102,4.88377,3.832327627915694,3.5282538509684738,3.2338157468501123,2.9498579457398364,2.6770851714461217,2.4884298014992186,2.23896459042118
103,4.92184,3.828242231565197,3.5250336825422908,3.2313154158314172,2.947950597604226,2.6756608388358365,2.4872465139258386,2.238118812675099
104,4.95992,3.8229673524934866,3.5207808862663614,3.2279314173354314,2.945288333476127,2.6735991336419533,2.4854910543865976,2.236795793567593
105,4.998,3.8177527003950025,3.516586967894146,3.224592213043363,2.9426698325939693,2.6715764512593108,2.4837715428242686,2.2355019392099518
106,5.03607,3.8125982752697443,3.512442869286611,3.221301875155569,2.940091448020591,2.6695862878860352,2.48208498357411,2.234237249602175
107,5.0741499999999995,3.807504077117712,3.508353119513274,3.2180604036720495,2.937556826693154,2.667635147324001,2.4804283809713787,2.232999073403367
108,5.112220000000001,3.802470105938905,3.504317718574133,3.2148677985928042,2.935062321674497,2.6657197776722703,2.47880772634556,2.2317900619544235
109,5.1503000000000005,3.7974913428188892,3.50033666646919,3.2117199877174762,2.932611579901781,2.6638434308317804,2.4772200240319115,2.2306102152553446
110,5.18838,3.7925778255865352,3.496409963198444,3.208616971046067,2.930200954437845,2.661999603000658,2.4756622783656903,2.229459533306131
111,5.22645,3.7877245353274067,3.4925330796923784,3.2055668929792875,2.92783409221985,2.6601947979807754,2.474140480676382,2.2283353647658855
112,5.26453,3.7829364909559398,3.488715074090027,3.202561609116426,2.9255073463106345,2.6584257638711977,2.472651635299244,2.2272430123164013
113,5.3026,3.7779778034936657,3.484756667332666,3.199442303643592,2.923082133098051,2.656575432238202,2.4710938896330226,2.2260896790262907
114,5.34068,3.7730442106035698,3.4808163768533706,3.196339286972182,2.920675154571277,2.654741360109889,2.4695451309610297,2.224949602440664
115,5.378760000000001,3.7681658257722637,3.4769349642777887,3.1932851367050468,2.9183119392904433,2.6529430588918803,2.4680353159306923,2.2238386906049024
116,5.41683,3.7633577057430547,3.4731033714668875,3.1902798528421856,2.9159924872555516,2.6511837804851126,2.466555457547782,2.2227569435190055
117,5.45491,3.758609812687072,3.469335185629217,3.1873275075839547,2.913713151529439,2.6494602729886485,2.4651115471417846,2.2217043611829737
118,5.49299,3.7539271655187503,3.465616819556227,3.184424028729998,2.9114812259864307,2.6477790402043624,2.4637035847127002,2.2206809435968067
119,5.53106,3.748536851415024,3.4612960872375513,3.180995236030094,2.9088007271725225,2.645717335010479,2.461957112167687,2.219379135216475
120,5.56914,3.742057432878793,3.4560287793899414,3.1767601476596665,2.9054346041722,2.643076791449859,2.4596923896221807,2.2176398555881702
121,5.60721,3.7356181656580465,3.450797704098463,3.1725535646917318,2.902090362794848,2.6404557592948588,2.457445641065131,2.21592178668704
122,5.64529,3.7292090119239134,3.445593803224084,3.168371414925934,2.8987752969147906,2.6378574904464163,2.45521986216128,2.2142196258312907
123,5.68337,3.7228349905908287,3.4404216058363186,3.164221842762986,2.8954821126577035,2.635281984904531,2.453015052910629,2.2125360243618193
124,5.721439999999999,3.7164961016587923,3.4352856410046853,3.1601007760025315,2.8922144569607493,2.6327259907682654,2.450828217648434,2.2108683309377284
125,5.75952,3.7101923451278043,3.4301768505901507,3.156004142444214,2.888972329823927,2.630196011839494,2.4486653477041807,2.209219196899915
126,5.7976,3.703923720997865,3.4250997636622316,3.1519400864887457,2.8857557312472375,2.6276855443163427,2.446520451748384,2.2075886222483794
127,5.83567,3.6976902292689746,3.4200543802209267,3.147904535935771,2.8825646612306803,2.6252010920006854,2.4443965254457862,2.2059766069831213
128,5.87375,3.6914918699411317,3.4150452293357536,3.1438934185849328,2.8793991197742557,2.622736151090648,2.4422935687963876,2.204380499763244
129,5.91182,3.6852684160411124,3.410013433102998,3.1398741568333826,2.8762262844435074,2.620264706378738,2.4401846208175035,2.20278174120247
130,5.9498999999999995,3.6789395649379464,3.404891055479914,3.1357734510747086,2.8729841573066857,2.61774123125184,2.4380277422027357,2.2011432125282444
131,5.987979999999999,3.672640827321394,3.3998003813434456,3.131701250718528,2.869771205667158,2.6152372675305617,2.435891833241167,2.199523243240296
132,6.026050000000001,3.666382241020326,3.3947414106935914,3.127661627965197,2.8665837825877625,2.612759319016778,2.4337768939327975,2.197921833338625
133,6.0641300000000005,3.660158787120306,3.389718672599869,3.1236505106143593,2.8634218880685,2.610304133809551,2.43168591994237,2.196338982823232
134,6.1022,3.6539754845357706,3.384727637992762,3.119671970866371,2.8602855221093693,2.6078717119088815,2.4296159156051416,2.194777343035013
135,6.14028,3.647827314352283,3.3797728359417856,3.1157219365208757,2.857181978584695,2.6054653052157053,2.427566880921112,2.1932316112921755
136,6.17836,3.6417192954842794,3.374854266446941,3.11180447977823,2.8541003166829912,2.603081661829086,2.425538815890282,2.1917044389356155
137,6.21643,3.63565142793176,3.369967400438712,3.1079155284380775,2.8510478302785818,2.6007207817490245,2.423531720512651,2.1901984773062297
138,6.25451,3.62961869278029,3.3651167669866133,3.1040591547007748,2.8480245193714664,2.5983859168764565,2.4215485904529617,2.1887110750631216
139,6.292590000000001,3.6236311278587383,3.3603023660906466,3.100235358566321,2.8450267370244835,2.596077067211382,2.4195864300464716,2.187242232206291
140,6.33066,3.617678695338235,3.355524197750812,3.0964400678343607,2.842058130174795,2.5937877289519284,2.417648234957923,2.185791948735738
141,6.36874,3.611771433047652,3.3507777328975914,3.0926814269056058,2.839118698822401,2.591527657800905,2.4157310095225744,2.1843628759923597
142,6.40681,3.6056232628641647,3.3458319889856485,3.0887436091611797,2.8360297430463732,2.5891407625133493,2.4137029444917437,2.1828383549766963
143,6.44489,3.597939304863414,3.3395592277053914,3.0836737197177344,2.8319707019853126,2.585934388189739,2.4109439372636867,2.1807040255547676
144,6.48297,3.5902704036059703,3.3333000536336828,3.078611974675002,2.8279226017357377,2.582737769568939,2.408190921365115,2.1785803014964262
145,6.52104,3.5826165590918326,3.327054466770524,3.073566518433694,2.823889089234809,2.5795541585518857,2.4054498881255144,2.1764618801198785
146,6.55912,3.5749827902354374,3.320826996185431,3.068533278793455,2.8198701644825284,2.576380303237643,2.4027208375448845,2.1743567154478143
147,6.597189999999999,3.5673590592079134,3.3146131128088867,3.0635122557542847,2.8158585336045707,2.573219455527147,2.4000007739584834,2.1722595047984408
148,6.63527,3.5597503849236953,3.3084128166408924,3.058507521516539,2.811865137412422,2.570068363519461,2.3972926930310527,2.1701728995126546
149,6.67335,3.5521617862972197,3.302226107681447,3.0535190760802173,2.807882682031759,2.5669302791155224,2.394596594762593,2.1680942482495587
150,6.71142,3.544482847210905,3.295966933609739,3.0484654754381975,2.8038491695308307,2.5637499199994056,2.3918615528524776,2.1659864322365983
151,6.7495,3.536793870295719,3.289703230468514,3.043411874796177,2.7998156570299026,2.560572812784226,2.3891265109423623,2.1638812675645345
152,6.78758,3.5291249690382753,3.283457643605355,3.038374562955582,2.79579308534046,2.5574054612718564,2.3864064473559607,2.1617867082560576
153,6.8256499999999996,3.521471124524138,3.2772301730202615,3.033349467716055,2.7917887483368258,2.554251117363234,2.383695370763787,2.1597001029702714
154,6.863729999999999,3.513837355667743,3.2710162896437174,3.0283406612779533,2.7877953521446774,2.5511097810583583,2.3809962768305852,2.157626754388969
155,6.901800000000001,3.5062186435546536,3.264815993475723,3.0233481436412757,2.7838201906383375,2.5479814523572295,2.3783091655563533,2.155561359830357
156,6.9398800000000005,3.4986200070993068,3.2586383426553107,3.018371914806023,2.7798559699434833,2.5448661312598477,2.3756340369410927,2.153506570635333
157,6.97796,3.4910364273872663,3.2524742790434478,3.0134079025718385,2.775906336997276,2.5417638177662125,2.3729708909848033,2.1514623868038956
158,7.01603,3.483467904418533,3.24632833170965,3.008464251339436,2.771971291799716,2.538671259975388,2.370319727687485,2.1494288083360455
159,7.05411,3.4759244760219765,3.2401959715844018,3.003532816708101,2.768050834350803,2.5355949616892466,2.3676805470491367,2.1474058352317824
160,7.09218,3.468396104368727,3.234086256806736,2.998621743078547,2.764144964650537,2.532531671006852,2.36505334906976,2.145393467491107
161,7.13026,3.4608878083732186,3.2279946583071357,2.9937228860500618,2.7602536826989184,2.5294813879282048,2.362438133749354,2.143394356454915
162,7.16834,3.4533945691210177,3.2219211760856012,2.988844390023358,2.7563769884959464,2.526444112453304,2.3598349010879187,2.141403199441414
163,7.20641,3.4459264244409935,3.215861281072616,2.983982182798078,2.7525185289787837,2.5234198445821505,2.357246646750198,2.1394226477915
164,7.24449,3.4384733365042766,3.209824031407213,2.979136264374223,2.7486710102731062,2.520408584314744,2.354667379406705,2.13745535284607
165,7.28257,3.4310453431397363,3.203809427089392,2.974306634751793,2.7448417262532376,2.517413583552021,2.352103090386925,2.1354960119233306
166,7.32064,3.4236324065185033,3.1978084099801203,2.9694973661311437,2.7410306769191783,2.5144315903930448,2.3495507840261167,2.133549927705075
167,7.35872,3.4148191927697655,3.190602660379478,2.963653758620025,2.736337068791968,2.5107049119195586,2.3463334400924216,2.131049713239387
168,7.39679,3.4059859033632853,3.183374265431253,2.957793862307481,2.7316325198532727,2.506971729644199,2.3431101048292406,2.1285441960919056
169,7.43487,3.3971475950423704,3.1761549286220614,2.9519380381952933,2.726931617851738,2.503241799269776,2.3398897652308026,2.1260413302853207
170,7.47295,3.38831430563589,3.1689355918128697,2.9460862862834616,2.7222343627873666,2.49951512079629,2.3366754169618504,2.1235437671605295
171,7.51102,3.3794810162294104,3.1617207840731947,2.940242678772343,2.717544401597318,2.4957949461246773,2.3334640643576403,2.1210488553766353
172,7.5491,3.3706527457373663,3.1545105054030356,2.9344031434615796,2.712861734281593,2.492081275254938,2.3302587030829165,2.1185618976154315
173,7.58717,3.3618244752453217,3.147304755802393,2.9285676803511733,2.708179066965868,2.488370856286136,2.3270563374729347,2.116077591195124
174,7.62525,3.3530012236677136,3.1401035352712676,2.922736289441122,2.7035073404616288,2.484666941119207,2.3238629588571813,2.113598587456611
175,7.66333,3.34413782077462,3.1328706112535265,2.916880465328935,2.6988137323344183,2.480950018348531,2.320654601917714,2.11110897835451
176,7.7014,3.3351840774216885,3.1255652221235226,2.9109676304117604,2.694072714024105,2.4771908208656774,2.3174102970013344,2.1085928558434412
177,7.7394799999999995,3.326230334068757,3.118268891132552,2.905062939895299,2.689338989588115,2.4734381271846977,2.3141749790791826,2.106079384673269
178,7.77755,3.317276590715825,3.1109725601415805,2.899158249378837,2.684608912089287,2.4696919373055914,2.310942656821774,2.1035738675257876
179,7.8156300000000005,3.3083278662773288,3.103680758220126,2.8932657754634437,2.6798861284647826,2.4659522512283583,2.3077163258938507,2.1010736530600997
180,7.85371,3.2993791418388327,3.096393485368188,2.8873733015480503,2.6751669917774397,2.462215817052062,2.304495986295412,2.0985760899353085
181,7.89178,3.290435436314772,3.089110741585766,2.8814889720333694,2.6704587959015824,2.4584891385785763,2.30128163802646,2.096083829492311
182,7.92986,3.281491730790711,3.081837055942377,2.875612786919401,2.6657542469628868,2.4547657120060267,2.298073281086993,2.0935995230720037
183,7.96794,3.2725480252666506,3.0745633702989883,2.8697406740057883,2.6610569918985147,2.4510487892353505,2.294870915477011,2.0911178679925935
184,8.00601,3.263609338657025,3.0672987427946325,2.8638767054928884,2.6563633837713043,2.4473383702665483,2.291674541196515,2.088644166935874
185,8.04409,3.254675670961835,3.060038644359793,2.8580168091803446,2.6516807164555796,2.4436344550996196,2.2884841582455047,2.0861757685609477
186,8.08216,3.245742003266645,3.052787604063986,2.8521650572685133,2.6470016960770164,2.4399402956355005,2.2852997666239796,2.0837126728678146
187,8.120239999999999,3.2368083355714554,3.0455365637681795,2.846321449757394,2.642333616509939,2.4362493880723184,2.28212136633194,2.081252228515579
188,8.15832,3.2278796867907014,3.0382945816114053,2.8404859866469874,2.6376691838800226,2.4325649843110098,2.2789489573693853,2.0788023895269303
189,8.19639,3.2189510380099473,3.031057128524148,2.8346545957369367,2.633015692061592,2.428890336252511,2.275782539736317,2.0763552018791787
190,8.23447,3.210027408143628,3.023828733575924,2.8288354214279545,2.6283658471803233,2.425222191995886,2.272625109097476,2.073915968254117
191,8.272540000000001,3.2011037782773095,3.0166048676972155,2.823020319319329,2.6237269431105394,2.4215605515411345,2.269473669788121,2.071482037310849
192,8.31062,3.1921851673254262,3.009385530888024,2.8172133616114152,2.6190953329150792,2.4179054148882564,2.2663282218082514,2.069053409049375
193,8.348700000000001,3.182709456871202,3.0016996999186394,2.8110073282685963,2.614124557563574,2.4139673628538834,2.262931137989992,2.0664153248570534
194,8.38677,3.1725009849093957,2.993388857355988,2.8042719088794734,2.6087088558783313,2.4096520903108503,2.259198539720547,2.063498849870567
195,8.424850000000001,3.162277456204282,2.9850689566543034,2.797532417289995,2.6032895072559272,2.4053400696687537,2.255465941451101,2.0605823748840804
196,8.46293,3.152043889670298,2.9767445268831025,2.790792925700516,2.5978738055706843,2.4010247971257206,2.251733343181656,2.057665899897594
197,8.501,3.141790247478572,2.9684155680423854,2.7840493619106805,2.5924544569482797,2.396712776483624,2.248000744912211,2.054752076252004
198,8.53908,3.1315165296291037,2.9600730219931184,2.77730172592049,2.5870314613887135,2.392397503940591,2.2442681466427654,2.0518382526064145
199,8.57715,3.121232773950764,2.951725946874335,2.7705540899302985,2.5816121127663094,2.3880854832984943,2.240538544038063,2.048924428960825
200,8.61523,3.1109289426146827,2.9433698136165196,2.763798309539395,2.576189117206743,2.3837734626563982,2.23680894143336,2.0460132566561318
201,8.65331,3.1006100545352955,2.935009151289187,2.757042529148491,2.5707661216471767,2.3794614420143017,2.2330793388286576,2.0431020843514394
202,8.691379999999999,3.0901958070816327,2.9265805529191082,2.7502378823533133,2.565303009778831,2.375116902362838,2.2293227752412705,2.0401723526604685
203,8.72946,3.0796460489382125,2.9180432568806345,2.743347719350656,2.559777899978735,2.3707203322963863,2.225521276682742,2.0372028508560462
204,8.76754,3.069071196222614,2.9094969027031286,2.7364534841476424,2.5542454963043157,2.366327014130872,2.2217167824594712,2.03423600039252
205,8.80561,3.0584762678492736,2.9009414903865895,2.7295551767442725,2.5487167395670576,2.361930444064421,2.217918279565686,2.031269149928994
206,8.84369,3.047856244903756,2.892372490861501,2.7226527971405465,2.5431843358926383,2.357537125898906,2.214116781007158,2.0283049508063655
207,8.88176,3.037211127386061,2.883798962266897,2.7157504175368206,2.5376519322182185,2.353140555832455,2.2103182781133723,2.0253407516837365
208,8.91984,3.026540915296188,2.875211846463743,2.708839893532382,2.532119528543799,2.3487472376669407,2.206519775219587,2.0223792039020045
209,8.95792,3.015850627548573,2.8666156725215557,2.7019252973275876,2.5265871248693794,2.3443571714023625,2.2027242679905443,2.019420307461169
210,8.995989999999999,3.0051302263143453,2.85800591137082,2.695010701122793,2.52105472119496,2.339963853236848,2.198928760761502,2.0164614110203334
211,9.03407,2.994379711593505,2.849387092081051,2.6880879605172856,2.5155186705833787,2.33557378697227,2.1951362491972013,2.013502514579498
212,9.07214,2.9836041023004864,2.8407546855827324,2.6811652199117786,2.509986266908959,2.331183720707692,2.1913437376329017,2.0105489208204568
213,9.11022,2.9727983795208552,2.832113220945381,2.6742343349055595,2.5044502162973776,2.3267969063440512,2.1875542217333446,2.0075953270614146
214,9.148299999999999,2.961962543254611,2.823453640029965,2.66730344989934,2.4989141656857963,2.32241009198041,2.1837647058337875,2.0046443846432696
215,9.18637,2.9510965935017537,2.814789530045031,2.6603684926927644,2.493381762011377,2.3180232776167693,2.17997518993423,2.0016960935660215
216,9.224450000000001,2.9401955113478477,2.8061073037820323,2.653425391085477,2.487845711399795,2.3136397151540646,2.1761916653641578,1.9987478024887733
217,9.26253,2.929259296792894,2.797411490310484,2.6464822894781888,2.4823096607882142,2.3092561526913604,2.1724081407940865,1.995802162752422
218,9.300600000000001,2.918287949836891,2.7887066186999028,2.6395310434701886,2.476773610176633,2.3048758421295927,2.1686276118887573,1.9928618256978643
219,9.33868,2.907276451565404,2.7799836308112558,2.6325797974621885,2.4712375595650515,2.300495531567825,2.164847082983428,1.9899214886433068
220,9.37675,2.8962298208928687,2.7712470557140594,2.625620407053476,2.46570150895347,2.296118472906994,2.161069549742842,1.9869838029296458
221,9.41483,2.8851380199904137,2.7624923643387977,2.6186610166447633,2.460165458341889,2.2917446661470997,2.1572950121669985,1.9840487685568815
222,9.45291,2.8740060677724757,2.7537240857549863,2.611693481835338,2.454633054667469,2.2873708593872055,2.1535204745911547,1.9811163855250145
223,9.49098,2.862828945324617,2.744942219962626,2.604721874825557,2.4490970040558877,2.283000304528248,2.1497519283447963,1.978184002493147
224,9.52906,2.851601633732404,2.736137708822683,2.5977461956154198,2.443560953444307,2.27862974966929,2.1459833820984384,1.9752569221430734
225,9.567129999999999,2.8398774496110764,2.726948226773844,2.5904610291782126,2.4377732641685625,2.2740543250513197,2.1420321003027736,1.9721787153618817
226,9.60521,2.8269386881963574,2.7167895238484876,2.5823858558719066,2.4313364200780216,2.268939084877852,2.1376045078130144,1.9687107614688597
227,9.64329,2.8139146052362354,2.7065945883670013,2.5742862493634635,2.4248849882388335,2.263820592803448,2.133173919658512,1.9652401562349409
228,9.68136,2.800800181816274,2.696349833120833,2.5661703540535954,2.418426262525322,2.2586923450262337,2.1287403358392676,1.961766899660125
229,9.71944,2.787595417936474,2.6860688453185335,2.5580300255415906,2.411952949063163,2.253560845348083,2.124300760690537,1.9582909917444127
230,9.757520000000001,2.774285256853528,2.6757380377515534,2.549869336027805,2.4054723417266812,2.248426093768995,2.119855194212321,1.9548124324878031
231,9.79559,2.7608696985674372,2.6653619394894097,2.5416882855122385,2.3989771466415517,2.243281586487097,2.1154066320693627,1.9513312218902972
232,9.83367,2.7473437241637653,2.6549405505321007,2.5334828017945346,2.392474657682099,2.238130575403326,2.110955074261662,1.947850011292791
233,9.871739999999999,2.7337073336425117,2.644464812740595,2.5252528848746936,2.385957580973999,2.2329763124186175,2.1064975251244746,1.9443634980134912
234,9.90982,2.7199404513459355,2.6339347261148918,2.5169985347527155,2.3794295634544134,2.2278155456320365,2.1020399759872883,1.9408769847341916
235,9.947899999999999,2.706048096188472,2.623354819724508,2.5087197514286004,2.372890605123343,2.222648275043581,2.097573439855873,1.9373878201139951
236,9.98597,2.69202023034125,2.6127160354304104,2.500416534902348,2.366337059043625,2.217474500653253,2.0931069037244585,1.9338960041529016
237,10.024,2.677846815975398,2.602013844163083,2.492084812973603,2.3597725721524214,2.212297474361988,2.088634376263558,1.9304041881918084
238,10.062100000000001,2.6635178152620456,2.591252774992042,2.483724585642364,2.353197144449733,2.2071106923679125,2.0841558574731724,1.9269070695489214
239,10.100200000000001,2.6490282092867576,2.580428298847771,2.4753399251089885,2.346603482061236,2.2019206584729005,2.0796743430180435,1.9234099509060343
240,10.1383,2.634362941306227,2.5695313575912366,2.466922686972763,2.3400025257984147,2.196720868875078,2.075189832898172,1.9199128322631474
241,10.1764,2.619516992406018,2.5585664802919563,2.4584769434340443,2.333383334849785,2.1915178273763196,2.0707023271135583,1.9164104109384668
242,10.2144,2.603842922623952,2.547085289067803,2.449676918464338,2.3265052113626687,2.1861164199204204,2.066041072773866,1.9127780739098428
243,10.2525,2.5876117533395457,2.5352961211165317,2.4406773556771792,2.3194885042634046,2.180610951634546,2.0612959398213766,1.9090768020179016
244,10.2906,2.571109562675622,2.523402784566383,2.4316289264857462,2.3124499155411704,2.1750957276458616,2.056544815539402,1.905372878785064
245,10.328700000000001,2.5543162749744392,2.511396221278323,2.422539775290751,2.305393092133127,2.169570747954367,2.0517847042631994,1.901666304211329
246,10.366700000000002,2.537201776749385,2.4992764312523525,2.4133976854911254,2.298310740164951,2.1640360125600617,2.0470186016575114,1.897954426955801
247,10.4048,2.5197459923427163,2.487029827279922,2.404206729287226,2.2912065065738045,2.1584882695620102,2.042243512057595,1.894239898359376
248,10.4429,2.5019188082678205,2.474651880291515,2.39495876227834,2.284080391359687,2.1529307708611487,2.0374654267929357,1.890522718422054
249,10.481,2.4836951299525207,2.4621335321480986,2.3856578566648237,2.276928747585438,2.1473635164574763,2.0326753588693056,1.8868028871438354
250,10.519,2.4650297871668965,2.4494702537801563,2.3762999402463207,2.2697515752510555,2.141786506350994,2.0278822952809326,1.88308040452472
251,10.5571,2.4458926664243354,2.4366484579791385,2.366880940822475,2.2625488743565407,2.136193236739828,2.023080244698332,1.879352619223811
252,10.5952,2.4262385974949177,2.4236590866060133,2.3573967861929304,2.255320644901894,2.130593463326789,2.0182692071215027,1.8756221825820052
253,10.633299999999998,2.4037638986527496,2.4091162443887524,2.3468945814743405,2.2473703218892145,2.1244538743582537,2.013002828503778,1.871539117600924
254,10.671299999999999,2.380265341265739,2.394183902193078,2.3362131999400795,2.2393142376988435,2.118245995470047,2.007685523585427,1.8674215851881846
255,10.7094,2.3558332657937258,2.3789616995483516,2.3254137245954887,2.2312070963882076,2.1120153532752832,2.0023502446786194,1.8632934474118577
256,10.7475,2.3303522372046928,2.3634224620374757,2.314496155440568,2.223048897957307,2.105761947773962,1.9969969917833557,1.8591573556128405
257,10.7856,2.303696782637753,2.347543544312867,2.3034482758742505,2.214835995468979,2.0994825270651476,1.991628760564378,1.8550106584502362
258,10.8236,2.275716334659841,2.3312932428879107,2.2922700858965346,2.206568388923225,2.0931738392479025,1.9862425553569443,1.8508586586058382
259,10.8617,2.243991776513046,2.3134305927151058,2.280167506437966,2.1976917438714536,2.0864359005070097,1.9804938747156398,1.8464309193081723
260,10.899799999999999,2.2053611921030036,2.292501762479676,2.2662731588226777,2.1876116095562947,2.078832956116948,1.9740232388713363,1.8414570037857645
261,10.937899999999999,2.1574004457573666,2.265870833723059,2.2481885170408797,2.1742492317955344,2.068592720067203,1.9652369541809005,1.8346085902493148
262,10.976,2.104792184644457,2.2375324457587475,2.229183557978585,2.160285109403081,2.057916729291937,1.956085198391851,1.8274711805551134
263,11.014,2.0297092246893786,2.1977219247093154,2.202681678060562,2.1408578751422813,2.043058793912044,1.9433326535820368,1.817494184760433
264,11.052100000000001,1.9221940396521002,2.1368331141304115,2.160750230992971,2.109428570682065,2.018617506471624,1.9221982388220555,1.8007430129744133
265,11.090200000000001,1.777001863947524,2.0463287179835623,2.0963035881560574,2.060205859809527,1.979851595404933,1.8884910191368236,1.7737788760538977
266,11.1283,1.601851787977449,1.9234867654893928,2.006320176885535,1.99057488857967,1.924553019975936,1.8402398471256234,1.7349579426428658
267,11.1663,1.4150728872603209,1.7709477041759822,1.890580098362171,1.8997369777540651,1.8518144998232862,1.7765639973540908,1.6834635997451017
268,11.2044,1.2784931687270626,1.6344641942983216,1.7797225880658674,1.8101426725006273,1.7788841175153698,1.7123189712814388,1.6310359848516625
269,11.2425,1.1789229252411804,1.5206894389760477,1.6815459096787102,1.728659155494987,1.711563264323303,1.6526872689125958,1.58198087557896
270,11.2806,1.1295819774257811,1.448876512723511,1.612106749205119,1.6678245966993426,1.6597539785994113,1.6062844220476615,1.5432076663040708
271,11.3186,1.1007985031381893,1.4069962069050697,1.5705906665738583,1.6308555946903833,1.6279503874382473,1.5776878064135327,1.5191891691199062
272,11.3567,1.087483323140808,1.3846860104671284,1.5469393269051614,1.6090542043372653,1.608819454227498,1.560369868535793,1.5045060432333952
273,11.3948,1.0848032228322513,1.377584429465364,1.538220745942579,1.6004583734469509,1.6010018843756126,1.5532072341359184,1.498349629671012
274,11.4329,1.0887280139208122,1.3801116502555328,1.5391329188223635,1.6004802550699215,1.6006246638669526,1.5527459017655374,1.4978458749006187
275,11.4709,1.0857116463450767,1.3799395456139083,1.5400532361028603,1.6016144525272349,1.6017335620863757,1.553794384425494,1.4988162656688497
276,11.509,1.0784292014991663,1.3763796969739932,1.5386198215774844,1.6010491772671591,1.6015677151386027,1.5537584364485815,1.4989435300318965
277,11.5471,1.071036340535675,1.3727428541522986,1.537137540647835,1.6004510795726274,1.6013693491814627,1.5536895361594987,1.499044280985975
278,11.5852,1.0591766457245888,1.3655189882735908,1.5332037951037645,1.5981024520404412,1.5998702228496327,1.5525182312450898,1.4982886488303855
279,11.6232,1.0423883769378417,1.3542733086642915,1.5265416753210532,1.593835535561159,1.5969467639075174,1.5501396734393598,1.49659974467912
280,11.661299999999999,1.0255398811778684,1.342860053482884,1.5198225447333553,1.5895430905217447,1.594016801163529,1.5477521286394016,1.4949081891869578
281,11.699399999999999,1.008646215187976,1.331288280868402,1.5130423311403145,1.585236057733683,1.59107708271673,1.545361588174701,1.493213982353899
282,11.7375,0.9917324735403413,1.3195489326818117,1.506196962341575,1.5809034963854889,1.588130860468058,1.5429650563805144,1.4915144728390464
283,11.7756,0.9713657187610828,1.3046799974593672,1.497286987962252,1.5751595703556862,1.5841570375233809,1.539705773140421,1.489154779440889
284,11.813600000000001,0.9490466062664149,1.2877956263021109,1.4870779816693072,1.5685549671557033,1.5795686053016627,1.5359282398998344,1.4864026875900045
285,11.851700000000001,0.9268680233759409,1.270630452834836,1.4767386649649648,1.561910247646941,1.5749671654761976,1.5321447153297625,1.4836479443982233
286,11.8898,0.9048651024907094,1.2531754189185091,1.4662731100495805,1.5552217648922375,1.5703559699479226,1.5283581950949483,1.4808958525473388
287,11.9279,0.8830779949262044,1.2354350536226473,1.4556691003220863,1.5484895188915924,1.5657317668159008,1.5245656835306483,1.4781437606964543
288,11.9659,0.8615418330834744,1.2174093569472504,1.4449184913817699,1.541713509645006,1.5610945560801317,1.5207671806368628,1.47539166884557
289,12.004,0.8402867304491324,1.199098328892318,1.4340212832286305,1.5348937371524785,1.556444337740616,1.5169656820783346,1.4726395769946854
290,12.0421,0.8193428005097915,1.180506498527367,1.4229693314619565,1.5280192606025238,1.5517811117973535,1.513155196525578,1.469884833802904
291,12.080200000000001,0.7960098672991524,1.1586899706667169,1.4097591135065068,1.5197662418054168,1.5461553231768204,1.508547864151255,1.466536190250238
292,12.1182,0.7725514612276261,1.135849873095353,1.3958403326890816,1.5111157068576757,1.540285641986033,1.5037428179039112,1.4630443742891448
293,12.1563,0.7496451357440045,1.112688211588323,1.381665003249217,1.5023812923552138,1.534386693686815,1.4989257889975964,1.4595499069871545
294,12.1944,0.7273260232493365,1.089236689632241,1.3672249807862007,1.493555704423707,1.5284584782791666,1.4940937817675681,1.4560527883442678
295,12.2325,0.7056091804869286,1.0655270107137225,1.352508048698964,1.4846316491888327,1.5225009957630875,1.4892467962138263,1.452553018360484
296,12.2705,0.6844996263712161,1.0415954073888987,1.3375019903864387,1.475612773587752,1.516514246138578,1.4843848323363704,1.4490505970358034
297,12.3086,0.6640124176455056,1.0174916994224508,1.3221905170472,1.4664881368089795,1.5104949775047014,1.4795048944704585,1.4455455243702258
298,12.3467,0.6422052344232585,0.9905618520777495,1.3045660339056504,1.4559703700344073,1.503561924707605,1.4738850274130912,1.4414995781617004
299,12.384799999999998,0.6201571433081075,0.9621192955145602,1.2854266922316018,1.4446028669011406,1.4961020639587594,1.4678457672917415,1.4371540304318353
300,12.422799999999999,0.598937173074814,0.9337220296465352,1.265814975316236,1.433049369972623,1.4885804170921162,1.461770559193479,1.4328005286792802
301,12.460899999999999,0.578525248065636,0.9054561067944866,1.2457145943581287,1.4213062323116927,1.4809937322067384,1.4556623987830466,1.4284337702222407
302,12.499,0.5589113304517025,0.8774256955572926,1.2251133327562114,1.409358866169703,1.4733355055007524,1.4495122990662157,1.4240537550607175
303,12.5371,0.5400703256608359,0.8497123191862487,1.2039949017090588,1.39719997767233,1.4656089888750956,1.443326251372472,1.419663134535607
304,12.5752,0.5193673036143989,0.8180677104749423,1.1783848336690392,1.3823314148637549,1.4561719723567215,1.4357711848912995,1.414294169219575
305,12.6132,0.497611313319394,0.7831893461289039,1.1470207465257365,1.363042764215103,1.4434537877931928,1.4254181675404143,1.4067298936409878
306,12.651299999999999,0.4765660013084559,0.7476633248420159,1.1102324885080015,1.3380539507825895,1.4259357974470588,1.4108023192606198,1.395649940033236
307,12.6894,0.45668658312088434,0.7138175883457238,1.0731876818678268,1.31260197633053,1.408170662629734,1.3960157180904897,1.3844639327896118
308,12.7275,0.43765184823280756,0.6806104506512486,1.0330235697548178,1.2830508445086306,1.38689997860262,1.3781136255879174,1.3707167302396734
309,12.7655,0.4189222633424091,0.6460581793103932,0.9834648914201003,1.2406333183799727,1.3539809854201597,1.3497177194915513,1.3481776812759265
310,12.803600000000001,0.40134401742351433,0.6140512450377724,0.9360726236748708,1.1985841329046545,1.3210977631480034,1.3213188177304425,1.3256121189032117
311,12.841700000000001,0.38640070158325696,0.5869357058428976,0.8940475159990874,1.1589929830763759,1.2893884771140045,1.2937527107678135,1.3035291005737157
312,12.8798,0.3764662623496285,0.5684525731463409,0.8625979126483048,1.125754797783917,1.261116450370123,1.2687119491833083,1.2829971166688507
313,12.9178,0.3669253060077432,0.5509341322567841,0.8328056948424878,1.0935195202109478,1.2333809872808015,1.2440726066743295,1.2627302668536666
314,12.9559,0.3605046087704082,0.5388596329259779,0.8107710187151947,1.067411097069768,1.2097364155698789,1.2227344867118422,1.2448284131184335
315,12.994,0.35530651908956096,0.5304717961815469,0.7986602948559137,1.0555549043568229,1.1999579494531487,1.2141459158944268,1.2378606892416275
316,13.0321,0.35022185687495605,0.5223240001214868,0.7869445744311823,1.0441108155431587,1.1905632076469523,1.205907837851911,1.231187264204367
317,13.0701,0.3452300445774078,0.5143392505640182,0.7754080308221227,1.0327469593470535,1.1812074886519963,1.1977027121215653,1.2245403525760747
318,13.1082,0.34048014395565074,0.5071108556157936,0.7659768147972085,1.0246434649735794,1.1751719605134359,1.1925891124057202,1.22057659793535
319,13.1463,0.33411565855999337,0.49733712359933463,0.7532796940866375,1.0142825164969638,1.1680112746507691,1.186723600839449,1.2162602149553499
320,13.1844,0.32656018476879184,0.48555248471758006,0.7374673401035884,1.0010186060395716,1.1588279064054596,1.1792224563236455,1.2107613339353747
321,13.2224,0.3192180148410991,0.47408488070197574,0.721830090735855,0.9876744629646201,1.1495892558442258,1.171688359495672,1.2052491962109153
322,13.2605,0.3120821222967053,0.4629343115525215,0.706380162584506,0.9742573811464332,1.1402953229670676,1.164115319026043,1.1997238017819716
323,13.2986,0.30464609866906867,0.4507733069939515,0.6875218027350337,0.9545566265985002,1.1244748249099037,1.150485044446608,1.188969963104527
324,13.3367,0.2974103297274085,0.43894926520740396,0.6689403525097818,0.9345495293289776,1.108169793613168,1.136390441832049,1.1778051665880775
325,13.3747,0.29040743841555555,0.4275527675832076,0.6509371547351075,0.9147721891006471,1.09191679273142,1.1223287915296605,1.1666615807988023
326,13.412799999999999,0.28491975737177994,0.41868530237698653,0.6367862584973801,0.8985761411651843,1.0781514960662657,1.1102772322696455,1.1569629757982864
327,13.450899999999999,0.28042983651778175,0.4114804585902474,0.6252008484840463,0.8848527166254079,1.0661259664022593,1.0996306397739726,1.1482745316794534
328,13.489,0.27603427125517094,0.4044495310729393,0.613896420295289,0.871318932818044,1.054191489964481,1.089055943232125,1.1396338116967633
329,13.5271,0.27173657482405245,0.39760429540580483,0.60291369593467,0.8580878447951078,1.0424781427904,1.0786729692338124,1.1311495208269844
330,13.565100000000001,0.2679106563498709,0.3920086300182538,0.5954412082810787,0.8516692353903758,1.0385596021616472,1.075716248132735,1.1292458580630778
331,13.603200000000001,0.26414446295747174,0.3864904117194337,0.5880094426310492,0.8452032158025407,1.0346150463254007,1.0727415530432012,1.1273315899355838
332,13.6413,0.260436990863968,0.38104873469544137,0.5806143267842253,0.8386897860316025,1.0306379714797866,1.0697458883004682,1.1254067164445027
333,13.6794,0.25678723628647243,0.3756831460393251,0.5732599329409632,0.8321289460775612,1.0266316295257423,1.0667352452340213,1.1234712375898344
334,13.7174,0.25278013500116936,0.3697151911375234,0.5648549114058065,0.824288031179735,1.0216692286963012,1.0629517206639496,1.1209895825104241
335,13.7555,0.2482826857755179,0.36292566302544105,0.5550246197459866,0.8146710578841224,1.0153800522846763,1.0581017394454648,1.1177522952754242
336,13.7936,0.24388009403269742,0.35627608316141646,0.5453164940968521,0.8050066744054066,1.0090420973590004,1.053221801579553,1.1145070540177338
337,13.831700000000001,0.23957085409837722,0.34976418701069134,0.5357346066587593,0.7952948807435877,1.0026586158202107,1.0483149027309562,1.1112485560555594
338,13.8697,0.23535245651533956,0.34338771003850754,0.5262871018324203,0.7855393238358275,0.9962231038664332,1.043381042899675,1.1079847554115914
339,13.9078,0.2312223918263667,0.3371439348031552,0.5169699074174793,0.7757400036821258,0.9897355614976683,1.0384142307562236,1.1047076980631392
340,13.9459,0.22717062220258766,0.3310170095613268,0.5077667346125111,0.7658859794709976,0.9831829811101688,1.0334084749711168,1.101417384010203
341,13.984,0.22275146804213,0.32429541749199087,0.4975414395181417,0.7546752946356873,0.9757426317669434,1.0277766252547789,1.0977797442997854
342,14.022,0.2184352016276001,0.3177327957626817,0.4874993934398004,0.7434317873659209,0.9682274887021736,1.022096844902557,1.0941288478848838
343,14.0601,0.21421981539322374,0.31132506821083455,0.4776365241771311,0.7321518107245367,0.960637551915859,1.0163751252439368,1.090467346106395
344,14.0982,0.21010229799033964,0.3050699703016911,0.4679609761308461,0.7208463055230202,0.9529695695070629,1.010608470614176,1.086789936282525
345,14.136299999999999,0.20608013996173002,0.2989625200587834,0.4584686771005892,0.7095262125728565,0.9452202895748489,1.0047938853485312,1.0830992697541713
346,14.174299999999999,0.2021508318501772,0.2929995471334497,0.44915962708636037,0.6981988257483693,0.9373929640201535,0.9989313694470028,1.0793953465213335
347,14.212399999999999,0.1983113623070198,0.28717788117702875,0.4400378982885159,0.686871438923882,0.9294810890411032,0.9930209229095905,1.075675515243115
348,14.2505,0.19456022565792716,0.2814934460269557,0.4310994185066996,0.6755513459737184,0.9214846646376981,0.9870565544068091,1.0719424272604121
349,14.2886,0.19089390866279451,0.27594352424152063,0.42234825994126757,0.6642531346465252,0.9134036908099381,0.9810382639386586,1.0681934312323287
350,14.3267,0.18721102925002467,0.2703623518764222,0.41349936856728714,0.6525537602315366,0.9048674508510368,0.9746754720250936,1.064229676591604
351,14.364700000000001,0.18351510065972257,0.26475808125678996,0.4045698476262544,0.6404787512888845,0.8958629371572471,0.9679532003424008,1.060045860656444
352,14.4028,0.17990750496348526,0.25929375888521544,0.39584841612342253,0.6284620933408209,0.8867543626334823,0.961165024035368,1.05584083399411
353,14.4409,0.176385732704095,0.25396621441303713,0.38733140907847086,0.6165256680103165,0.8775384753788055,0.9543049517745094,1.0516172479454982
354,14.479,0.17294677253289045,0.248770465863787,0.3790155687311145,0.604673122234533,0.8682185272941537,0.947372983559825,1.0473697998288152
355,14.517,0.16958911877554106,0.24370379579575518,0.3708984517611398,0.5929190437621176,0.8587945183795266,0.9403691193913154,1.0431011409849578
356,14.5551,0.16630976008338544,0.23876212804637686,0.36297680040826175,0.5812743734045555,0.8492599448330509,0.9332873679394945,1.038808620073029
357,14.593200000000001,0.16310618699920584,0.23394229226699054,0.35524613525208854,0.5697464050361704,0.8396180585556633,0.9261277292043627,1.034492237093029
358,14.6313,0.1599773957401152,0.22924066520198308,0.34770360575237086,0.558353373342771,0.8298688595473638,0.9188902031859199,1.0301519920449578
359,14.6693,0.1568656687901053,0.22456575964712258,0.3401932466354671,0.5468326988487094,0.8197391881294676,0.9113501150284609,1.0256447125203878
360,14.7074,0.15378606289248256,0.21994248548474937,0.33275944488525944,0.53527555498303,0.809294082320709,0.9035523997031268,1.020999563269184
361,14.7455,0.15077973314561813,0.21543560840894846,0.3255158148916854,0.5238898171639544,0.7987319080782284,0.895661818770768,1.0163225979272184
362,14.7836,0.1478436682008507,0.2110415051641067,0.3184578772343533,0.5126864262029677,0.7880656730057726,0.8876723809018991,1.011616467835388
363,14.8216,0.14497586049240607,0.20675609958765928,0.3115807452728355,0.50166538210007,0.7772888733014681,0.8795840860965202,1.006875870311899
364,14.8597,0.14217530623739713,0.20257712714484802,0.30487993958674037,0.4908376256667464,0.7664080127671885,0.8713909430251453,1.0021034566976483
365,14.8978,0.13943949597860614,0.19850141748701136,0.2983509807556761,0.4802068038401591,0.7554263433038706,0.8630959473525177,0.9972965756517392
366,14.9359,0.13676692404170246,0.19452534735853622,0.2919897965792864,0.4697765635574696,0.7443536206143242,0.8546901120844088,0.9924552271741718
367,14.9739,0.13415508096946832,0.19064665222466434,0.285791500417144,0.4595505517558398,0.7331930965994863,0.8461794285503045,0.9875767599240489
368,15.012,0.13160346487046018,0.18686216173673426,0.279751612848857,0.44952876843526957,0.7219512750612304,0.837554909755976,0.982658522560474
369,15.0501,0.1291045473730248,0.18316145903485814,0.27385303063292943,0.439696625847112,0.7106021407920624,0.8287895947187394,0.9776846070380663
370,15.0882,0.12661115068146844,0.17947026737896654,0.26796951555831977,0.42982072001301297,0.6988400151039306,0.8196108779470054,0.972482676198533
371,15.126299999999999,0.12417547150592036,0.17586965711340355,0.26223952243713805,0.4201709242829443,0.6870226070998744,0.8103123345855622,0.9672356725637543
372,15.164299999999999,0.1217955022806063,0.17235736370341098,0.2566593862890639,0.4107399447825824,0.675159672482704,0.8008879733049242,0.9619409447928329
373,15.202399999999999,0.11946973733119566,0.16893021680032733,0.251223813253634,0.40153142844908907,0.6632642188561665,0.7913377941050914,0.9565958415448722
374,15.2405,0.11719717287480132,0.16558595186939434,0.24592954557056368,0.39254537528246425,0.6513492538240085,0.781661796986064,0.951203014160769
375,15.2786,0.11497580134564905,0.1623227572828055,0.240772103819461,0.3837744914083845,0.6394277849899772,0.7718629776125843,0.9457571599587298
376,15.316600000000001,0.11280411706940827,0.1591374626918993,0.23574700857993416,0.37521877682684973,0.6275128199578193,0.7619383403199098,0.9402556275978575
377,15.354700000000001,0.11068161815463537,0.15602780356191748,0.23085059487166265,0.3668745846006981,0.6156206182322185,0.751893876437526,0.9347010684190492
378,15.3928,0.10860629703555616,0.15299242117200512,0.2260796049343615,0.35874155003621355,0.6037641874169215,0.7417265903006902,0.9290855283996143
379,15.4309,0.10655857994587221,0.15000051784945054,0.22138313626357847,0.35072521746090596,0.5918134514744596,0.7312986813312368,0.9233241646308552
380,15.4689,0.10453645931980932,0.14704847033864055,0.21675508055877923,0.34281938708160026,0.579765158503896,0.7205951712054517,0.9173931150447004
381,15.507,0.10256001081510946,0.14416707631228687,0.21224674754445172,0.33512033803936747,0.567804666858624,0.7097748301547001,0.9113931305952288
382,15.5451,0.100627728757442,0.14135361832867965,0.20785365780020412,0.3276236940096135,0.5559482360433271,0.6988496408379529,0.9053242112824401
383,15.583200000000001,0.09873810747247629,0.138606737666964,0.20357255356575152,0.3203243492803117,0.5442056217608155,0.6878225989199527,0.8991810544245408
384,15.6212,0.09689014317732524,0.1359246226993333,0.1994005843008445,0.3132182922205843,0.5325963354167097,0.6767056870596706,0.8929610086806342
385,15.6593,0.09508333398054528,0.13330500889102936,0.19533367780512698,0.3063000524246885,0.5211301327138198,0.6655019009218491,0.8866614227098234
386,15.6974,0.09331567231636222,0.13074653752119728,0.19136898353834958,0.2995652535680302,0.5098167693549558,0.6542292144949449,0.8802796451712117
387,15.7355,0.09158715818477607,0.12824694405507875,0.1875040581802986,0.2930091546322991,0.4986725048448016,0.6428936191084432,0.8738130247239021
388,15.7735,0.08989578402001261,0.1258053226787706,0.18373482953061787,0.28662664990546877,0.4877038429852304,0.6315100930860578,0.867258910026998
389,15.8116,0.08824104793062829,0.12341940885751451,0.1800592614891293,0.2804126336755126,0.4769205394790526,0.6200906190867597,0.8606146497396024
390,15.8497,0.08662244802517957,0.12108784387045562,0.17647450351558353,0.27436382369898504,0.46632909812814144,0.6086501754342623,0.8538749411799219
391,15.887799999999999,0.08503797673789226,0.11880926899673895,0.17297729784969565,0.2684743848764273,0.45593277083343375,0.5972037404522795,0.8470397843479562
392,15.9259,0.08348763406876634,0.116581872608558,0.16956520117125198,0.26273994088324515,0.44574456519867645,0.5857662924645249,0.8401012252210154
393,15.963899999999999,0.08196188408037439,0.1143920674973634,0.16621540915825783,0.25711891663579434,0.4356864356013881,0.5742629398524303,0.832990328935782
394,16.002,0.08045420218395023,0.1122294368032674,0.16291163300928854,0.2515835954116454,0.4257193592303281,0.5626397606506263,0.8256514173334233
395,16.0401,0.07897864133991325,0.11011617296690049,0.15968889364740727,0.24619561044883226,0.4159734121229653,0.5510794904084196,0.8181958467316052
396,16.078200000000002,0.07753469965681994,0.10805001145350447,0.156543933312329,0.2409505854227609,0.4064518461802365,0.5396001031142668,0.8106183144485338
397,16.1162,0.07612187524322672,0.10603049935612771,0.15347512312391132,0.23584049707167545,0.3971318980955845,0.5281566637970266,0.8028021614847501
398,16.1543,0.07474016809913361,0.10405673086086689,0.15047839088179804,0.2308547692778066,0.3879712931568321,0.5166652938439029,0.7944769510687797
399,16.1924,0.07338757065876639,0.1021273472468671,0.14755414380602477,0.22600106060919423,0.37904482508552384,0.505320711463173,0.7860244762897625
400,16.2305,0.07206307913923797,0.10024008397937012,0.14469912413630656,0.2212757241286765,0.3703459900797863,0.4941378949785507,0.7774447371476987
401,16.2685,0.07076669354054835,0.09839448815142432,0.14191251743257222,0.21667438351165924,0.3618780400405562,0.4831228357195215,0.7687350823016913
402,16.3066,0.06949690818836687,0.0965896539491264,0.13919188037460797,0.2121933918209807,0.3536312192650233,0.4722935076745417,0.7598928604108437
403,16.3447,0.06825372308269356,0.09482376974466979,0.13653476964220015,0.20782873742576297,0.3456022758522509,0.4616529065083541,0.750915420134259
404,16.3828,0.06703613444064128,0.09309638263110284,0.13393996357524188,0.2035767733888442,0.33778795790130234,0.4512100192151869,0.7418054128128341
405,16.4208,0.06584364037076651,0.09140613388757064,0.13140542607355513,0.19943421746677883,0.3301850135112409,0.4409738327892682,0.7325575357647751
406,16.4589,0.0646757389816257,0.08975257060712152,0.12892952825699733,0.1953977874161212,0.32278433735944373,0.43094434723059816,0.7231744403309791
407,16.497,0.06353192838177527,0.08813433406890057,0.12651064124542608,0.19146383629970964,0.31558495387562974,0.4211305495334049,0.713656126511446
408,16.5351,0.062411204788328144,0.0865505184590045,0.12414713615869886,0.18762908187409844,0.30858035925792554,0.4115324396976883,0.7040052456470725
409,16.5731,0.061300017132308475,0.08498119587156101,0.12180724983403751,0.18383918477557717,0.30166421634570023,0.4020062258157974,0.694041506556876
410,16.6112,0.060210912699805,0.08344402967768419,0.11951826601382841,0.18014046110610035,0.29492920431565045,0.3926897084658978,0.6839266410355616
411,16.6493,0.05914338959937417,0.08193901987737404,0.11728140635817842,0.1765350990279651,0.2883798758290877,0.38360385730118857,0.6736845111512004
412,16.6874,0.058097949722459546,0.08046616647063053,0.1150954492069807,0.17301981629772578,0.2820110278445131,0.3747426809921844,0.6633177682446895
413,16.7255,0.05707358928617402,0.07902456364355041,0.11295876568009275,0.1695924247530854,0.27581713213033426,0.36610617953888513,0.652834366338719
414,16.7635,0.05606980639907404,0.07761330558223038,0.11087013411740775,0.16625000684431443,0.2697929856450525,0.3576913572765481,0.6422422594559795
415,16.801599999999997,0.05508609916971606,0.0762319393797188,0.10882874007885443,0.16298964502168353,0.26393403572735624,0.3494952185404307,0.6315520529600581
416,16.8397,0.05412246759810009,0.07487865340820908,0.1068321402442191,0.1598091511228956,0.25823410376546585,0.3415147676657899,0.6207717008736455
417,16.8778,0.053177907901339014,0.07355390057465289,0.10487992739346613,0.15670633698565356,0.2526896126683509,0.3337470089878833,0.6099171112421221
418,16.9158,0.05225191818798928,0.07225677506514692,0.10297087986648869,0.15367828506022801,0.24729503420441892,0.3261859511772252,0.5989962380881788
419,16.9539,0.051344498458050905,0.07098591815883627,0.1011037760031799,0.15072353657175422,0.2420461409024522,0.318828598569073,0.5880249894571961
420,16.992,0.05045514682008032,0.06974132985572092,0.09927698692339729,0.1478391739705028,0.23693805491104564,0.3116689598339411,0.5770192733945547
421,17.030099999999997,0.0495829096803348,0.06852210434189758,0.09749010540710526,0.1450233737878928,0.23196654875898146,0.3047070349718296,0.5659976492865327
422,17.068099999999998,0.04872793760624739,0.06732778871041462,0.09574190979419693,0.1422743125553434,0.22712674459485466,0.2979323391561389,0.5549707224967171
423,17.1062,0.0478896785172302,0.06615793005432037,0.09403117842456549,0.1395894374168413,0.22241539051772846,0.2913427754215492,0.543962355093179
424,17.144299999999998,0.0470678312784171,0.06501116965275994,0.09235709685813964,0.13696801898495417,0.21782825905638514,0.2849326520050491,0.5329858037804027
425,17.1824,0.04626194418750888,0.06388796041268495,0.09071885065484821,0.13440713970995258,0.2133614479297006,0.2786977749759989,0.5220596279446656
426,17.2204,0.04547156554220636,0.06278694361324047,0.08911481093454868,0.1319053408169718,0.2090104044763635,0.27263215300491317,0.5112023869722455
427,17.2585,0.044696544775076466,0.061708119254426506,0.08754497769724107,0.12946152822486334,0.20477252717562433,0.26673219129410053,0.5004273375676264
428,17.296599999999998,0.043936329805531305,0.060650581522339764,0.08600812928281852,0.1270731490776139,0.20064326336617178,0.2609918985140755,0.48975569045798273
429,17.3347,0.04318655417801197,0.05960798971965725,0.08449408519039059,0.12472379215799552,0.19659204517920062,0.2553666392601715,0.4791105567573071
430,17.372700000000002,0.042447117514229776,0.05858034384637896,0.08300243819992165,0.12241309277229201,0.19261757185433614,0.24985521526649132,0.4685157985336708
431,17.4108,0.04172193456744439,0.05757262587897297,0.0815421471521953,0.12015490928171813,0.18874488302879114,0.24449417364289633,0.45806951540025564
432,17.448900000000002,0.04101065401364535,0.05658528872439092,0.0801123976071403,0.11794778291140914,0.18497137718181625,0.23927932045874672,0.4477849640615456
433,17.487,0.04031307509625522,0.055617426568729526,0.07871237512468543,0.11579061958021657,0.18129347722238104,0.23420616221692844,0.437672749881128
434,17.5251,0.039628695923830455,0.0546681335980855,0.07734126526475942,0.11368196051327562,0.17770825643964247,0.22926930672090443,0.4277408268816931
435,17.5631,0.03895741611808235,0.05373786271941049,0.07599825358729108,0.11161998224200546,0.17421278812275748,0.2244651591729835,0.41799980042682827
436,17.601200000000002,0.038298884355000416,0.0528257081188012,0.07468293287224476,0.10960395537897374,0.1708047959410704,0.21978982520900014,0.40845497319832713
437,17.6393,0.037652749310574156,0.051931216889305985,0.07339448867954922,0.10763205645559955,0.1674807028035508,0.21523851176536588,0.39910899653708637
438,17.677400000000002,0.03701886041737052,0.05105438903092487,0.07213210656913324,0.10570355608445053,0.16423888275973034,0.21080762404438952,0.3899724758066933
439,17.715400000000002,0.03639691654052338,0.050194318729754536,0.07089537932096121,0.10381736018437815,0.16107640909876592,0.20649356724837972,0.38104010832535434
440,17.7535,0.03578656635602223,0.04935055307884337,0.06968349249496186,0.10197164528680153,0.15799035510981455,0.20229214744669669,0.37231984811575974
441,17.7916,0.03518765929643403,0.04852309207819134,0.0684960388710996,0.10016604669800447,0.1549790948424078,0.1982003689745977,0.3638090438370129
442,17.8297,0.034599944416037,0.047711482820846834,0.06733261122933883,0.09839947033683846,0.15204035196589002,0.19421403790144293,0.3555103468300105
443,17.8677,0.03402317076910935,0.046915725306809826,0.06619198790957265,0.09667045742843879,0.14917185014960552,0.19033075769543814,0.34741845441295893
444,17.9058,0.03345703722078496,0.04613446081522541,0.06507416891180108,0.09497827858537307,0.14637131306289852,0.1865463344259435,0.3395333665858582
445,17.943900000000003,0.03290139320363077,0.04536859515999686,0.0639783397959529,0.09332183972649281,0.14363678956520703,0.1828583715611649,0.33185243200781156
446,17.982,0.03235603796106935,0.04461686020165957,0.06290409334199246,0.09170077615808181,0.1409666537060627,0.1792638734363596,0.32437299933792213
447,18.02,0.03182067035823458,0.043879255940213545,0.06185102232988417,0.09011326441155917,0.1383583039647161,0.17575894568736197,0.3170924172352932
448,18.0581,0.03129513982769339,0.043155555922182974,0.060818312319556776,0.08855893979320872,0.1358107647708863,0.17234179091532648,0.3100080343590279
449,18.0962,0.030779245612868357,0.04244544311270169,0.059805963311010284,0.08703670822188195,0.13332208498401116,0.16900971302198453,0.30311454802733256
450,18.1343,0.030272736768037708,0.041748464604818056,0.05881275364413784,0.08554620500386265,0.13088998827343504,0.16575941677611924,0.2964040042175169
451,18.1723,0.029775412536624028,0.04106443923575141,0.05783909053897507,0.08408633605800231,0.1285134990688769,0.1625891047788849,0.2898790542704776
452,18.2104,0.02928461289397649,0.04038938142432731,0.05687845847495208,0.08264725465396411,0.12617570748546578,0.1594748117123397,0.2834840200273818
453,18.2485,0.02880109067726043,0.03972455931001034,0.05593289355224695,0.08123260772890982,0.12388149137460677,0.15642372717186612,0.2772374608745072
454,18.2866,0.028326401749950856,0.03907205626477807,0.05500565353114463,0.07984677160743359,0.12163930567873535,0.15344663555053809,0.2711605875390281
455,18.3246,0.02786039554461469,0.03843169112584983,0.05409592397157389,0.07848938159581925,0.11944752444738317,0.15054173944950988,0.26525340002094455
456,18.3627,0.02740277092638581,0.03780310156766431,0.05320370487353473,0.07715934361291825,0.1173048469201755,0.14770664233698738,0.25950900483392497
457,18.4008,0.026953427516975506,0.0371860611367457,0.05232858901699153,0.07585629296501442,0.11520964714664401,0.14493894768117635,0.2539223644302653
458,18.4389,0.02651261626210555,0.036580932158655294,0.0514709836219799,0.07457986495839158,0.11316029917632035,0.14223506068438557,0.24846988187598398
459,18.477,0.026079734892043686,0.035986854110184985,0.05062925980835738,0.0733289655119012,0.11115615262901715,0.1395946817801407,0.24316799548464124
460,18.515,0.025654632839356848,0.035403600537858945,0.04980341757612396,0.07210322993182709,0.1091962319344534,0.13701661270254467,0.23801246311080224
461,18.553099999999997,0.02523710934746761,0.03483099027889652,0.04899304970524402,0.07090192883073691,0.10727891114216075,0.13449905605275186,0.23299930774312164
462,18.5912,0.024827064038087272,0.03426870629843156,0.04819774897568196,0.0697243328211983,0.10540321468185815,0.13203991486544234,0.22812349183389563
463,18.6293,0.024424296154638404,0.033716567433683405,0.04741751538743776,0.0685697125157789,0.10356784179317094,0.1296373917417705,0.2233799778354202
464,18.6673,0.024028705318832305,0.033174437812566564,0.0466515345004402,0.0674380679144787,0.1017718169058181,0.12729028841583917,0.21876558413861927
465,18.7054,0.023640140963235905,0.03264204569091005,0.04590021353472488,0.06632830493614919,0.1000141644495186,0.1249968074888028,0.21427527319578885
466,18.7435,0.023258402331271782,0.03211916461523804,0.04516233083018496,0.06524042358079037,0.09829390885399143,0.1227551515618157,0.20990533312967338
467,18.781599999999997,0.02288338904465123,0.031605658713465046,0.044438293606856055,0.06417332976725366,0.09661007454895558,0.12056412236898079,0.2056517869289277
468,18.819599999999998,0.02251500072508554,0.031101301532115242,0.04372728742466693,0.06312702349553911,0.09496168596413002,0.11842222207792669,0.20151065758220657
469,18.8577,0.022153086805141643,0.030605911908407977,0.04302931228361759,0.062100410684498175,0.09334744233914007,0.11632795285628206,0.19747823321225452
470,18.895799999999998,0.021797496717386476,0.030119308679562584,0.042344368183708014,0.06109385602784702,0.09176701848389206,0.11428011643814978,0.19355159734408497
471,18.9339,0.021448130083531327,0.029641265392103246,0.04167164068486698,0.060106265444437125,0.09021911363801127,0.11227751455763275,0.18972650783226316
472,18.9719,0.021104886525287494,0.029171691464639635,0.04101072256705888,0.059137638934268474,0.0887030774213104,0.11031864938235965,0.18600031333589218
473,19.01,0.020767565286077545,0.028710405734391094,0.04036226538234068,0.058187247109908725,0.08721825945360207,0.10840232264643336,0.18236930197771653
474,19.048099999999998,0.02043616636590149,0.028257181747881804,0.03972529180262692,0.057254725277641694,0.0857633589745116,0.10652763565043104,0.17883082241683937
475,19.0862,0.020110438819037544,0.027811883633026266,0.039099720383910457,0.056339708743751216,0.084338375984039,0.10469309056198135,0.17538169304418458
476,19.124200000000002,0.01979003132147523,0.027373832029397017,0.038484614520109386,0.05544073873337256,0.08294005858124753,0.10289539214986729,0.17201449010524114
477,19.1623,0.01947363895546132,0.026941305890577815,0.03787728655898861,0.0545534389219116,0.0815615777741701,0.10112525385338636,0.1687095936773726
478,19.200400000000002,0.019162767395326456,0.02651629800715589,0.037280790650815285,0.05368291502139482,0.08021106331514849,0.09939286093266385,0.1654874190854844
479,19.2385,0.018857215884493225,0.026098672507045752,0.03669492318557158,0.052828437644389874,0.07888721444380802,0.09769731468827698,0.16234504985459008
480,19.2766,0.018556984422961623,0.025688338808857063,0.03611948055323971,0.05198964209718058,0.07759003116014869,0.09603741685432862,0.15928009977788246
481,19.3146,0.01826187225415423,0.025285115749809173,0.03555421842179828,0.05116652837976694,0.07631886308398315,0.09441226873139598,0.1562901826485545
482,19.352700000000002,0.017971879378071046,0.02488886745781659,0.034998933181229507,0.05035873179843277,0.07507240945493672,0.09282097162005622,0.15337291225979896
483,19.3908,0.01768680503813465,0.02449950335148898,0.034453461943519115,0.04956552296574572,0.07385067027300939,0.09126292638736078,0.1505259024048088
484,19.428900000000002,0.01740664923434505,0.024116796977350523,0.03391756037664575,0.04878690188170579,0.07265266996792015,0.08973693476741258,0.14774756227904592
485,19.466900000000003,0.01713126139926917,0.023740657754010894,0.03339106559259517,0.04802213915888062,0.07147808334957532,0.08824239762726309,0.14503497540752383
486,19.505,0.016860591343762662,0.023370995100079762,0.03287373325934599,0.04727159949098639,0.07032626003778757,0.0867781167010152,0.14238681611979412
487,19.5431,0.016594538689536812,0.023007673143471633,0.03236544121088753,0.04653455349059074,0.06919654965236953,0.08534379242219466,0.13980096334313932
488,19.5812,0.01633295286915856,0.02265051072140585,0.03186594511519843,0.04581063646397751,0.06808862700322756,0.0839385260913786,0.13727529600484203
489,19.6192,0.0160758338826279,0.022299417252492085,0.03137512280626798,0.04509984841114668,0.06700216690026796,0.08256141900914424,0.13480848843445384
490,19.6573,0.015823081351656127,0.02195430215534001,0.03089277067407839,0.04440182463838207,0.06593619377320974,0.08121187204254303,0.1323984195592573
491,19.695400000000003,0.015574544708810173,0.021615074848559297,0.03041872583061541,0.043716200451967516,0.06489038243195919,0.07988958562510068,0.1300434985747143
492,19.7335,0.015330274143234393,0.021281554169369287,0.029952825387864795,0.04304297585190302,0.06386440768642265,0.07859306192444585,0.1277421346762868
493,19.7715,0.015090068898351369,0.02095364953637965,0.02949490645781229,0.042381421450756206,0.06285794434650648,0.0773223009405785,0.12549300219352638
494,19.8096,0.014853878785016743,0.020631270368200064,0.02904480615244365,0.041731537248527094,0.06187001684192963,0.07607670354055013,0.12329424518780525
495,19.8477,0.014621703803230518,0.02031428079274503,0.028602361583744632,0.04109295855149949,0.06090062517269211,0.07485507145846361,0.12114453798867504
496,19.8858,0.01439339338555963,0.020002635519319384,0.028167450585704547,0.04046568535967341,0.059949444148700244,0.07365740469431895,0.11904255492568735
497,19.9238,0.014168847153715363,0.01969619867583763,0.02773995099231271,0.039849717673048846,0.05901549819967303,0.07248310411516762,0.11698723546248342
498,19.9619,0.01394811529684208,0.01939487968090945,0.027319618471547753,0.039243961410477264,0.058099112515704106,0.07133127102158678,0.11497672366043553
499,20.0,0.013731047247506711,0.019098587953144508,0.02690641230140611,0.03864914595939102,0.05719931152651249,0.07020160584710217,0.11300995898318492
